x1,x2,x3,x4,x5,x6,y
-1.0,-0.45419095092694495,0.6966550860073651,-1.0,0.8757782811907138,0.43621042628537043,-0.4397766216771708
0.4282089323488538,-1.0,0.34433711604209355,-1.0,-0.36101401737383454,-1.0,9.998931494524504
0.05442117692900103,-0.7775553661955269,-1.0,0.9825712641771823,0.6005474324794289,0.3651620641001104,-0.6757550509236175
0.6153540808969598,1.0,1.0,0.8347513300402485,1.0,0.9269312987657534,-7.203895073809073
-0.912429258115729,-0.259165185521521,-0.5971904650426938,-1.0,0.8638211879282474,0.38231351847681055,2.7062497404125545
1.0,0.3250653495527147,1.0,0.4837186941261129,0.36730542430271024,1.0,-3.6215918405997676
-0.7560129062205307,0.3455049276619535,-1.0,0.23844372142043607,0.31897144962660057,-0.16902359847078863,0.6397296602543652
-0.9638531838769464,0.3451411116434455,-0.3131115835820202,-0.6656542393605965,0.12255672776538085,-0.4986666140400328,0.006425389549328475
-0.8905664881506219,-1.0,-1.0,-1.0,-0.07783873211652814,0.6499200117831951,-5.743711992253811
-0.8709694895518771,-0.8645833813173905,-0.05596881552132371,-0.9089907455844923,-0.707924832273406,1.0,0.10192837423969725
0.2550177451926743,-0.9581549901484806,-0.16205364397206923,-0.03018585656420915,-0.30492743777039355,0.05385752661567633,-0.21880975079784276
-1.0,0.20588719576657555,-0.9504627863386428,-1.0,0.7827529566374027,1.0,8.864489056223475
-0.33374436178628364,0.7162337086023701,0.8358661356698638,0.13967015821866913,-1.0,0.2562648043929642,-3.4066308614760956
-0.4269296034296428,-0.21584596706933623,-1.0,-0.19343266722213248,-0.2756792753880639,-1.0,3.9672806424281375
-1.0,-1.0,-0.22281286515563345,-0.2616363718146716,-1.0,-1.0,0.4173025124240608
-1.0,-0.028736411931653993,-1.0,-0.5085330555090328,-0.5728223831122691,-0.1342277723082811,-2.842276923978437
0.06098974945963809,-0.3340332452544209,0.016039885533741693,-0.23785730455202142,-0.6279949042636717,-1.0,3.097512933598138
1.0,0.7074511640327439,-0.7251195426057633,0.07382875937735905,0.36266285910357343,1.0,2.869314668566778
-0.4608645066946633,0.29835500961223776,-0.6183497069745647,-0.775092819862969,1.0,1.0,8.68620701367084
0.4062176322799941,0.6297840912194472,0.00333937118576233,-0.3574974958939974,-0.01397147683473654,1.0,3.467371513467033
0.7285005827122721,-1.0,-0.6089769919010589,0.08583695859580687,-0.30079519325862647,-0.08111259713903807,-1.0088337867974495
-0.2062514580606456,-0.2497076107665196,-0.3004269288125647,-0.09116458984058484,-1.0,-0.8360131213894311,0.1256056070210524
0.4936573526870588,-0.3709037290292452,1.0,-0.22999401814816356,1.0,0.8066247076488513,-3.746083144299276
-1.0,-1.0,-1.0,0.01873948642005896,-0.5782586415757897,-0.07009450525502459,-4.468593514440955
-0.9337467654950178,-0.02118592304293676,0.03755030956343386,0.37303695648996305,-0.21126226201411236,1.0,0.8838443070449401
-1.0,-1.0,-0.33692134027557485,0.6972173348292683,-0.003252710551623683,1.0,0.2791219936962026
0.7682413504843206,1.0,1.0,0.005556705040894644,-0.4094737076395495,0.8415105710475517,-1.4617851015864742
-0.3054470962632049,-0.6025901332212956,0.8631722257612046,0.1547336212700154,-0.6129417703124792,-0.5044685894353143,1.242805401006339
-0.09632474994564438,-0.2525273006458041,-0.7401174491688715,-0.6405722480487056,1.0,-0.5658569859519433,0.15501733804988713
-1.0,0.41993630178757824,-0.8022335598712309,0.17543804979343536,-0.08600933646467528,-0.07193606244179472,0.006363344186897185
0.6699920177330128,1.0,1.0,1.0,0.42312540214553307,0.6939933744322538,-7.216369811088065
0.8831611070508505,1.0,-1.0,0.879577845721115,-0.6816481399154223,-0.406944309188607,5.915707028900973
-1.0,-1.0,-1.0,-0.2980174783803503,-1.0,-0.8771406519593552,-0.4855607350247445
0.23222223661782726,0.17309229835615736,0.6629028612825019,0.5051833859260764,0.7891641362257857,-1.0,0.5283662728764662
1.0,1.0,-0.31340324697303196,1.0,-0.20778758372892314,-0.12414344174489167,4.321196351242448
1.0,1.0,0.5357394512103917,0.9254395884434095,-0.26265788297402803,-0.8454797181466454,4.279823021544314
-0.18693564411198377,1.0,1.0,-0.3165144032200595,-0.41442014092468654,-0.9663235930926161,-2.752484965599208
-0.6659978417119505,-0.39581325543016066,0.34704566112733004,-1.0,-1.0,-0.37008160349069197,0.7895715959096363
0.7195944701785785,0.0943189355118435,0.8268839435706179,-1.0,-0.4609897739138938,-0.0479319699894204,0.44889410353629294
-0.6660642786670767,0.03807852639314313,-1.0,-0.2550499071580067,-1.0,-0.3726446606890921,-1.8963535740706319
0.49120522659616817,-0.6251050862501737,-0.40883923931963256,-0.23659979693870858,0.86522337613737,0.4957449815159596,-1.2545287037923492
0.09384919025503469,0.011745023913881214,0.3144300113401741,0.35647018347325576,-0.43292852186692754,-0.3083637891017552,0.7761996364370694
0.3066287988950043,0.8593625301812737,-0.32553807525772793,1.0,-1.0,0.07207172234174786,2.595617738845431
-1.0,-1.0,0.08498577080228076,-1.0,-0.30614384874521816,-0.6068814455515845,2.3034690609111554
0.6149117322950628,1.0,1.0,0.05796085169960641,-0.028966487025069126,1.0,-2.49001101368535
-1.0,-0.4923230510543352,-0.1820736048111974,-0.7633028526055872,-1.0,-0.6653933498624167,0.24279525575981026
-0.7864839381470423,-1.0,-1.0,-0.8481997627372371,-1.0,0.45282195128723135,-2.319975412869645
-0.4418512809630174,-0.18943752316749007,-1.0,-0.8773264627176407,-0.5719674208166166,0.8147695920255128,3.0131150769503297
0.41414058229225015,1.0,1.0,0.0761489241110902,-1.0,-0.10344096557805837,-1.6592799132046554
-0.4813366062861215,-1.0,-0.8406093282719436,-1.0,-0.19777619191861595,1.0,-0.522742980166147
0.36762202025693613,-1.0,0.12804579782381112,0.10664154218918542,-1.0,-0.4965778221816033,3.840751266755893
-1.0,-0.9808271518254785,-0.34358452614546064,-0.39758861800549977,-0.8121250217512335,-1.0,2.086463136445814
-0.9457510192417795,-0.5316741710833834,0.41579379221215257,-0.49687771276399006,1.0,1.0,3.8032690922795744
0.4427833002922632,-0.029441992955966723,0.20232915675293595,-1.0,0.29654157763034816,1.0,2.11161139189997
1.0,1.0,0.2641505861809039,1.0,0.08111721907375724,1.0,1.8112652867557961
-0.6724951616181231,-0.9731536571922479,0.029060585366251,-0.4607336962033668,1.0,-0.8561603759561042,6.864428018180812
0.6532109695900702,0.36093751047298794,0.7471044693998803,1.0,1.0,1.0,-1.981280127923513
-0.9002103339326851,-0.39694921289564744,-0.349428868540411,0.40761132485759605,-0.14173715353954375,-0.15900923241530734,0.12325527190034502
-0.7337438360555076,0.313266271877905,-0.47739660276057605,-0.2821729436071425,1.0,0.47175750419266804,2.669207045420286
0.04414182825000901,0.5801568933565919,0.2574543704076492,1.0,0.9761909387100541,1.0,2.750715275245394
-1.0,-0.16269715103272114,0.17241006369115547,-0.5579935519042083,0.6227746341917535,0.2149389616978904,1.6156907435514445
1.0,1.0,1.0,0.8452226594845254,0.7079183586063167,-0.2848007516273492,-4.777739392285674
1.0,1.0,1.0,0.02079415753606506,-0.5465909955792485,0.17799514028875846,-0.270656639439567
-0.5802083802430684,-1.0,0.585908259837738,-0.9033285028316005,-0.032968659266623845,-1.0,5.808814300147829
-0.2376208123477399,-0.023187210723371487,-1.0,-0.8522543227823307,-1.0,0.15549190867887605,-1.245191431639836
-0.20571360006915834,0.6392625771283176,0.9176651287122528,-0.5538952766804609,-0.6103565284674202,-1.0,-0.8004282286870239
0.21358323111520058,-0.49727719019767314,0.8442997159494643,0.23792861912435387,-0.2202919169793751,0.7730092730277701,-0.189921590241992
1.0,-0.24609983628487653,0.8363255032944956,0.2252532759736845,-0.35515872522806413,-0.2154000171111961,2.078085563648388
-1.0,1.0,0.2898640017505484,-0.10812744295623311,1.0,-0.3520306515863095,3.591341583283559
0.3204388704783571,-1.0,-0.9088012778718848,-1.0,-1.0,0.028687157474232804,3.573301019098494
-0.34245445523092927,-0.8547018976916309,1.0,1.0,1.0,0.2576632059134024,-0.27914760678602196
0.4774267039636545,0.2926161732611612,0.5022739767209772,-0.5561333328579076,0.861970106955265,0.5668361301108382,-0.6156832163622636
-0.8128381930713291,-0.7607450207816702,-0.7930583351892561,-0.5084596762792895,1.0,-0.665862245168203,1.5394471988287124
-0.5921863480216447,0.9515711199244178,1.0,0.9990120989038255,0.6612384874490878,0.24807368727420365,-7.2747564816584225
-1.0,-0.38084678057573207,0.4831309174042455,1.0,-0.9034033951160099,0.10839489550188708,-1.9084982937614037
0.6156321599548827,-1.0,-1.0,-0.9384708871198665,1.0,-0.026236517475217006,-5.708385996825107
-0.04207132304765937,0.37000369049607995,1.0,-0.08947116145940148,-0.8898241270940711,0.9345776194119569,-1.4419767079201453
-0.228514484769824,0.7627549010637675,0.42394127237782964,-0.11776276738946828,-0.07136853552859196,0.528329450563119,-0.11763371460503419
-0.6023491925426274,-1.0,-0.026588996555238442,0.08587225810973897,0.13812945551139855,0.48988710971191973,-0.14185540567681848
-0.7716335700080386,-1.0,-0.4870865434851124,-1.0,0.07106054018271554,0.206326368682829,-2.5660474861740266
0.3715537646872716,0.1289763618361211,0.6111458578322138,0.7895919918219674,-1.0,-0.7014888587979873,2.6673032234700647
-1.0,-1.0,-1.0,-0.06544133250731166,0.6181261296949152,1.0,4.165676386327772
1.0,0.23574664054044314,-0.2898993810856096,1.0,0.0321586569730552,1.0,2.28909853239529
0.16913530425489287,0.05641971592501793,1.0,1.0,0.21024441491867352,-1.0,1.1871506114019343
-1.0,-0.5676085648435565,-0.5675699105764221,0.07699689664820555,0.6889420137149536,0.4809972932080604,1.1441424946635315
0.047548515336690245,-0.504844622804344,-0.3944248473468692,0.046130601511136654,-0.21099740168819925,0.5853736016238373,1.632583235235876
0.9544608235090755,1.0,0.03355518375035982,0.13934553481972878,1.0,0.6567453703520316,0.00323852304393768
-1.0,-0.9296935799008199,-0.5377367116590714,-1.0,0.22545544829393008,0.25153956399788235,-3.0689101953720357
-1.0,-0.4877646308969674,-0.11844408038924947,-1.0,0.044502997807328915,-0.7116984799277587,3.406779866765177
1.0,1.0,1.0,1.0,1.0,1.0,-10.727084574613272
-0.1429157463359394,-0.7464517526936114,0.011832157556308509,0.2526052235088128,0.8372350607906038,1.0,3.3227025178602347
-1.0,-0.7927802516229776,-0.7339291428048109,-0.9827052382951491,0.8462287659719934,1.0,2.0600822793589955
0.46475277079122423,-0.10443401980437203,-0.8600707967134829,0.1604495278510587,-1.0,-0.8493916424303216,2.50830764728787
-0.8028108765247997,-1.0,-0.8475864720555144,-1.0,1.0,0.9559093427371599,-0.9314740294861831
1.0,-0.875564099499826,1.0,-0.1391379153431404,0.5427479274713891,0.8507181875541727,-3.8728518790751525
-0.032874294680231175,-0.9121031477986941,0.4180185145553498,-0.6838803725811178,-0.1437016755120497,-1.0,6.106288671568953
-0.29281196446318924,-1.0,0.8511274199239933,-1.0,-0.6632932859746035,-0.5705694924061708,5.405549500430722
-0.1662263648461087,0.4078930100998133,1.0,0.7065873039859495,1.0,0.5802546551002812,-0.9815516728456709
-1.0,-0.0031328123344249725,-0.018583232614200584,-0.04332535352959255,0.11137923281794138,0.866616648579191,0.7530335791818057
0.16335470205651292,1.0,0.2665002102573102,-0.6695397085439256,1.0,1.0,5.530395266611599
-0.7741334427544743,-1.0,-0.8179570759886119,-0.2294938111376172,-0.11463924187496133,-0.16407973999575623,-2.6766656562036455
-0.6249820975912734,-0.5517571327394073,-0.8500211972472048,-0.651551621471598,-1.0,-1.0,1.7299561586810195
-0.8428420731835926,-0.32414353457887746,0.5647090287250581,-0.29291432790662414,-0.5642317966538657,0.34963695614894813,-1.8366555283283186
0.7787758268060089,0.25856292603085596,-0.4316407702072314,0.5014133258232543,0.8194859773287686,1.0,2.076186125048736
-0.0982579343394614,-1.0,1.0,-0.5900525157871621,-0.6532030699808871,-1.0,7.330517266995605
1.0,0.008626853454672068,0.8564275366869216,1.0,0.06210352113318171,0.33767636350067987,-1.7588313188073927
0.2283349842990159,0.05839699692751377,-1.0,-0.2090727982955038,-0.6305899069417453,-0.7779649170998112,0.597172232883533
0.3886227356999816,0.4416428216503485,-1.0,-0.23859867892950803,0.7616403351692612,0.3431116788673796,0.6855789814071391
1.0,1.0,0.5893891558505575,-0.3595563995082703,-0.3156782729286034,0.07657500544136255,-0.0655918046893334
1.0,-0.25872669094663436,0.14847450120413475,0.5705458166003082,-0.04477479910041135,-0.8285027099290883,3.6895612270778932
0.022798375161912604,1.0,1.0,0.9167152478131052,0.23053519260085242,-1.0,-2.073430235450522
0.569053280581322,1.0,-0.01051400232039057,0.6040602848774625,-0.21750602347129164,-0.8141751149260185,3.0350239528435643
-0.34548924622921906,-0.3950745868735326,0.11830069556345385,-0.44053595511524907,-1.0,-0.7345454292505555,0.7522577621233533
-0.2958817285064109,-0.397262975797329,0.207962838683852,-0.12286438056129562,1.0,-0.007865301866631813,0.8505534661420979
-0.8869391742377469,-0.41379840332467077,-0.3619007603373994,0.018894362947466548,-0.0930889157928605,-1.0,3.5531310250112433
0.7090444449495711,1.0,-0.7951803132013144,-0.2988829968992376,-0.5826339481093064,-0.2720501445517994,2.5341968222044517
0.738174331891418,0.7489500699314598,0.5951217502369063,1.0,-1.0,0.4855548888697214,1.5819659407877231
1.0,0.40686450870963187,0.16722710635823057,-0.5531540514741637,-1.0,1.0,8.454982009695332
0.6301939456305403,0.741731688003044,0.1934538452857652,-0.40134876319472007,-1.0,-0.8698272170729177,3.349820546657823
0.3160211640200584,1.0,1.0,0.6874969308260741,-0.6088207877589162,-0.5541620969025391,-0.10369023602378313
0.06264530959257464,-0.2809335647133162,-0.22352970867112198,-0.7760041483664613,-0.34039669982948567,0.2775260477105773,0.06654979960309926
-0.691440914661144,-0.7878429525377364,-0.11539416279553483,-0.5592474249163648,-0.0614056392784299,0.2608605921526067,-1.0784191738691944
-1.0,-1.0,-0.8212581603175164,-1.0,-0.2878998339673995,-0.300484207809074,-4.097257415358293
0.20835438767854345,-0.682466783346552,-0.5549496126240797,-0.6758574953887828,-1.0,-1.0,4.473641281242647
-1.0,0.17703942589887536,-0.20911806502274466,0.2198490888524398,-0.8751200804703977,-0.9209772812606674,-1.2562857085359838
-0.12268395464695864,0.3584038318545243,0.45004532467225394,-1.0,0.01868395497085462,-0.9708227015542417,1.235180610699737
-0.44381527636504847,-0.6240019235066601,-1.0,-1.0,1.0,0.7381864800656848,0.9732224436647241
-1.0,-0.7578602353022514,-0.9595096312248157,-1.0,0.3430622046320301,-0.3651474797090086,-4.137427864675113
1.0,1.0,0.08936340962651423,0.29362473609818585,-1.0,-0.9317241991848496,6.340015709678474
0.8183021393552983,1.0,0.9672171488741823,1.0,0.6452689587360309,-1.0,-3.2342542209358225
1.0,0.6759275935127116,0.0007131249563643305,1.0,-0.6634531107812837,-0.8852136492283408,7.337096852635353
0.18935843301214422,-1.0,-0.3392158026478555,-1.0,-0.7454964212986872,-1.0,8.975659099383329
-0.5593560343146633,-0.5032454718537758,-0.2175598760040166,-0.001778144566569051,-1.0,0.11237236904226278,-0.6570091932551022
-0.9216943440208843,0.5037716998558619,0.4068911251578946,-0.7123026938582184,-0.6823440919613417,-0.6199992949521866,-0.8172762248787769
0.7673962246337099,1.0,-0.09341657315697482,-1.0,-0.577356474794248,-0.7885242303970073,3.539733508775628
-0.6824783008184748,-0.08659411723944771,1.0,0.15043874432679644,-0.09562532587782968,-1.0,3.1109746284765842
-0.3633517218093974,-0.7687333711732198,-0.06443807928966183,0.33940555706639125,1.0,0.9687536731013158,4.699926303272101
-0.865710669661891,-0.1823236644115802,0.08160887480550016,-0.08298197269024454,0.7771731081292034,0.6789608282908366,1.4954955217984072
0.5266241829801489,1.0,-0.9888912638045841,0.3849231790737707,0.45499652389371487,0.3039006629636781,2.3546942359188545
1.0,0.9434824410234746,0.851226783692022,-0.7710591837046543,0.2695307630777039,-0.09384451484925631,-1.73317091724194
-0.5061537270148069,-0.1999116689621575,0.7188747186318045,-0.6068678489549872,0.9682221795301453,1.0,1.7626723096510366
0.4808045136059852,0.16325971383568216,1.0,1.0,-1.0,-1.0,2.274064530748271
0.4031542570750811,-0.48255721448115274,0.5614845785644402,1.0,-0.2014880171619008,0.6260992312778408,-0.18850157933639966
-1.0,-1.0,-0.7035413575365606,-1.0,-0.49547055453863464,-0.17612018095837367,-2.4491927405555494
1.0,1.0,0.2539087847233772,-0.4442385507497197,-1.0,-0.27770170795128174,2.693200713248467
-0.23072888176359796,-1.0,-1.0,-0.9523459655072195,0.0693538613009852,0.586207211068058,-3.2706855829383037
0.17501712828827864,0.5560368833415934,0.4690173853663544,1.0,0.43247796458421456,0.5208241522950983,-0.4091235701816375
-0.04441772159127631,-0.2792498021394584,-1.0,-0.5888579973339536,-0.5581122946561686,-0.8705038978541587,1.5314709038134782
0.05076653300051598,-0.082084120199092,0.4977753733801367,1.0,1.0,-0.3736304240173156,0.6354813337971474
-1.0,-0.06445658855681513,-0.41860717834949573,-1.0,-0.4212536081314203,-1.0,1.4113961429612214
1.0,0.23609296809493752,1.0,0.7746258819712375,-0.05564217916184411,0.9543326404037695,-2.823571765144562
-0.13103291121959382,1.0,1.0,1.0,0.7347088830363875,-0.44401239825066957,-5.3295581052555665
1.0,1.0,-0.3142760990544899,1.0,-0.49022960396573734,-1.0,8.730801838448555
-0.014684030014260552,-1.0,-0.16256796700677123,-0.16818298649546393,0.4324371986929223,-1.0,4.779044386518064
-1.0,-0.46534840182403514,-1.0,0.569866311770267,1.0,1.0,9.034192854160853
0.28045774576600546,-0.8565195217396337,-1.0,0.5753673457737238,-1.0,-0.5630437684200493,-0.3328771052530757
-1.0,-1.0,-1.0,0.03772451994350834,1.0,0.16780678489727102,-4.287479323611324
0.9434802703761263,0.010180617872316722,0.11286220357124188,0.8767832250572063,-0.7844735556913458,0.3697496862167774,2.3079245676343048
-0.01612974324223762,0.5219128695450227,-0.8471173908799496,0.4903167226938533,-0.3964083405696735,-1.0,2.5659587655281775
0.5344365292798485,0.3616801640400795,1.0,-0.28217723233816994,-0.059999740755864006,0.5827609895936802,-1.154595809041936
-0.10126110682104583,-0.1356291133658175,-1.0,-1.0,1.0,1.0,6.7727388675831675
0.9054409406360175,1.0,1.0,1.0,-1.0,-1.0,8.071168504891716
-1.0,-0.38146858937218264,-1.0,-0.6479011802145193,-1.0,-0.09447038330282465,-3.459201696663885
-1.0,-1.0,-0.4458970103632438,-0.6638293996762474,1.0,0.6748189199728698,0.10574714342364955
-0.9098033850261331,-0.8082918432024885,-0.21124538440367435,-0.5376801984800487,0.5839999549246118,1.0,2.019042848475906
-0.716953303059651,-1.0,-0.362563790326091,-0.9655939024858315,-0.1514655478277713,-1.0,2.946929100818636
0.09269975213584858,-0.8439667032237468,-0.24627965091847803,-0.7177443044299552,0.9461828919736255,1.0,1.040776791895791
1.0,0.479440581034166,1.0,1.0,-1.0,-1.0,8.367432063131146
-0.6011184292815015,-1.0,-1.0,-1.0,-0.6840561278892745,-0.7468178807708155,1.1644820021463662
-0.9779728327768039,0.512944535901865,1.0,1.0,1.0,1.0,-3.1607414560466958
-1.0,-1.0,-1.0,-1.0,0.019727915354122605,0.7624883077946984,-4.887762946717902
-1.0,-1.0,-0.41671274073048403,-0.9038344748512743,1.0,0.3271961007617409,-1.0010893351356152
0.6859667828123818,0.08722411344501363,-0.9786620665002745,-1.0,0.8621656773610729,1.0,2.046740307020087
-0.15864638235292983,-1.0,-0.6817549504183875,-1.0,-0.27508505970338293,0.2227630644596444,-2.8385318019044146
-0.9326184640148558,-0.9318556565491833,-0.19449039103367105,-0.551536705541646,0.8333601539608808,0.7624004117736116,0.6411750588679791
-0.4402095219022935,-0.8328324608990827,-0.3870385416175663,-0.1102713271333039,1.0,-0.3770883603755564,0.16993836040287968
-0.08497806752745651,0.20118207797685358,0.2432899814831333,1.0,-1.0,0.2636244552128071,-0.3686805049055228
-0.8154866228784969,0.002143967408015368,0.5065152422846599,1.0,-0.32932771953232143,-1.0,1.6011477617314362
-1.0,0.27552869132589186,-1.0,-0.44980019490633594,-0.7770611470177661,0.9571870354976667,5.661408677392698
1.0,1.0,0.15291033594014858,0.9363371175626647,0.5029754142554781,-1.0,4.008524387416411
1.0,0.461065703092679,1.0,1.0,0.3330252184701278,1.0,-5.024425646641899
0.3900624896559062,-0.5686668960222822,0.23568155795794254,0.5223246871141152,-0.4550993673945487,0.08410216792835756,1.3293228512459305
-1.0,-1.0,-0.7368829387524602,-0.5537305068725211,-0.7576068445743204,0.7975905457276316,-2.242297317251733
-0.7137964454644828,0.5446162966237932,0.7600782134750111,0.40163847863170055,0.49112552752294525,0.03748534963948977,-0.20580926387990778
1.0,-0.5963604600407881,0.661827944923385,0.37096854924872646,-0.6345204235946584,-1.0,8.716500905042462
1.0,0.9204905410380545,1.0,1.0,-0.6326826554858224,0.5861319154750438,0.4165446075219999
0.748819671223203,-1.0,-1.0,0.35844832606301513,-0.16003578861509338,-0.5476041909294301,-1.069690268004681
0.3086240467543116,-1.0,0.47672904490212376,-1.0,1.0,0.2566672816090978,-0.48331840812301197
1.0,0.8528325014688376,0.11740340593311782,0.09773245735969327,-0.6470859103096986,-1.0,6.122831764992994
1.0,0.19352267450730065,1.0,1.0,0.26549487217729906,-0.2901368316239457,-0.8729253728169237
1.0,-0.09383488299128329,1.0,-0.11102091407318115,-0.19944234292829843,0.33749962347829243,1.110743957152374
0.3782486447336699,0.8064717484890542,1.0,1.0,0.76705090646779,-0.6308287618548662,-3.2323054534722058
0.5218850583951953,-0.9011642113007532,1.0,0.6520411193444778,-0.6762336245957965,-0.2511198032475612,3.1414389687660313
0.6199575187717463,0.12157384750189093,-0.5229242503584192,0.7627201305240069,-1.0,-1.0,4.544162764686327
0.004939550439388651,0.9061567129226127,0.29815142688894497,0.43798772495684646,1.0,0.04714814968368897,0.17614694273350057
0.16101500054655632,0.33366465048768923,1.0,-1.0,-0.46088184940226856,0.09410217522991335,-0.807949224307881
1.0,0.28730814641804536,1.0,0.9587273892877677,-0.9102008497616825,-1.0,7.795951345828072
0.04131354470541215,1.0,0.2767461165224411,1.0,-0.676194296177804,-1.0,4.734430075475574
0.6600080909201099,0.6262603436781826,1.0,0.8115881703463479,0.16598175815971594,1.0,-3.4607285348613757
-0.6429669096222476,-1.0,-0.8359442400303025,-0.6972430183088454,-0.5978684203205954,-1.0,3.0838640406487965
0.9403499354136702,1.0,0.4104897182183227,0.16244774963712505,-1.0,0.2766817623203168,2.2846094445090164
1.0,1.0,0.9751939944621636,1.0,-0.8684090955470269,-1.0,8.570527041601679
1.0,0.5935993945780493,1.0,0.7421851459642661,0.7565880162002725,-1.0,-2.327214627570771
-0.21036884196260186,-0.7925157598506111,0.04221961302757965,-0.7390912543627698,-0.2933347960023306,1.0,1.0194612496655695
-1.0,-1.0,-0.9579932229399291,-1.0,-1.0,-0.8683617268238805,3.1544911991885467
-0.0968176177752339,-1.0,-0.46623864845834834,-0.619344909669832,0.42928987556429843,-1.0,3.0573363228994697
-0.35121258315017256,-1.0,0.04834621298847058,0.12262086052838889,-0.03690727345175404,-0.03729074909195784,1.4941920194691847
-0.5261712307530868,-1.0,-1.0,-0.14807659404176232,-0.39197558821694434,0.7955153076043051,-0.14408699420993082
1.0,1.0,1.0,-0.47162328061211717,0.21809303091618104,0.8458456836433357,-2.907226069092364
-0.015518601339283747,-0.035927705471278604,-1.0,-0.19308799029840498,1.0,0.7389670207855241,3.705871329977252
0.4721143247723939,-0.021769211267936184,0.022830651560605264,0.5930366420052513,-0.4722950478477893,-0.7175535469225502,3.089662586410376
-1.0,-0.659659148051759,-1.0,-0.038990418499438184,1.0,-0.9796744113543262,5.475239093053473
1.0,0.9685569430145204,0.290874450571007,0.23900253359169632,1.0,-0.21695136847941998,-2.263307345704389
1.0,1.0,0.8325996727675,1.0,0.2544180925107359,-1.0,2.018580920266648
-0.29186444153238256,-1.0,-0.45941016157052084,-0.8035387457222751,-0.6877564482132499,-0.7955438541609213,3.445675649086933
0.04339064130244048,-0.961302522007724,0.18242323848884912,-1.0,-0.5319545617139967,-0.8797914815901983,7.295960074384817
-0.47831795121536197,1.0,-0.8182990047275964,-0.8995103617886347,1.0,-0.13997997630280712,4.1881982954613095
0.6183450959406332,0.12095777284928133,-0.8051663873930651,-1.0,-1.0,-1.0,3.9536409153517935
0.28933495966499573,0.45757548248742974,0.10830141027886964,-0.3973785999885578,-0.06350716422751557,0.46677317240585503,1.6267070561151078
0.02909037757212085,-0.07382409155852421,0.6645014664015156,-1.0,0.7945462319888856,-0.7440875583204276,1.9013187921028076
0.16184527894364864,0.5865871213058266,-0.39972899045092497,0.19282113904715592,0.05272075159908429,1.0,4.244035881126564
-0.3116421698691728,-0.3821215509106499,1.0,-0.4470910316097326,-1.0,-1.0,-0.21051679402284934
0.6074006348343222,1.0,0.9007491657354348,-0.2812559608572158,-0.2434639754251826,-1.0,0.4705699581079885
-1.0,-1.0,-1.0,-0.1671168309119937,-1.0,-0.04077025833297121,-6.594024664923458
1.0,1.0,1.0,0.06877913526945656,-0.8579143758581204,-0.695237892578655,3.0390187336808228
1.0,0.8391060049441357,1.0,0.5718086119856367,0.18188035090878962,1.0,-3.757046957060544
1.0,0.00321425846342982,1.0,1.0,0.1061310421391104,1.0,-3.36805225212235
0.2806132964439252,-0.8181934967513824,-1.0,-0.319021124596177,1.0,0.8823273099554731,0.16128703940711886
-0.67414786970145,-0.004380758243995753,-0.7118270943298348,-1.0,1.0,1.0,8.101716482576668
-0.28000049315024234,-1.0,0.39561881041573,-1.0,-0.43889401932275784,-0.14928734154020118,1.836497201359813
0.3671462761818048,0.3828240733251896,0.4370275555429642,-1.0,-1.0,-0.5361812879808867,4.280301431045363
1.0,1.0,0.7882252797553975,0.8901356532464428,0.1347881310792134,-1.0,3.6982003175788547
-0.05305226457328116,-1.0,-1.0,-0.5875700693272357,0.2627649439951212,-0.3651540878485783,-2.222382485344172
-0.6366286487884149,-0.025896390235281563,0.22884565266562462,-1.0,-0.3736547773001141,0.2832807438688607,-0.744458494779344
0.3597811857710642,-0.2574855949550735,-1.0,-1.0,0.35459090738153837,0.7819952101709204,0.8344214223028635
-1.0,-1.0,-0.8317639416191123,0.23643128515093506,0.6414125683896501,1.0,4.27692321781965
-1.0,-0.1802224591221162,0.35527412532122576,0.07906067372496772,-1.0,0.5813912990018298,-3.2365017464421015
-0.11273485244665693,-0.24652973647290305,0.8812515012444608,-1.0,-1.0,-0.8314763129260565,1.7018599257005451
0.8410796687769848,-0.07005359829870927,0.8428600128476165,-0.7139632531351796,-1.0,-0.5167519957536766,4.611586992827826
-0.3592898673521847,-1.0,-0.19735425051548486,-0.7785236288367103,-0.8609212982244092,-0.8661087195285262,3.921279723679913
0.2776878470276083,0.8599767007242363,0.9804012158461164,0.017332008323518222,-0.7100222533957681,-0.4030087431653364,-0.7584162857081052
-1.0,0.11252702769517664,-1.0,-1.0,-0.6944033762124762,-1.0,2.5022889255370027
0.7935280596359209,1.0,-0.5257257418340402,-0.1391557149110163,-1.0,-0.012685319904672587,4.325814151734956
-0.29799015612849544,-1.0,-0.6413680305170106,-0.18537267239569366,1.0,-0.33349559565098347,-0.5611567039808869
0.010899338499662292,-0.1912490824829074,0.7398061768944467,1.0,-0.44268310958527685,-0.15222131960014618,-0.2116425327949054
1.0,0.5096254040794606,0.703732262802125,0.4560669780167831,-0.18202368524104628,0.19049501039602845,0.8996201704172988
1.0,0.33011113268770265,1.0,0.8087374382157764,-0.37453894194853066,0.25621862005136475,1.808842365364273
-0.06379927143917907,-1.0,1.0,-0.2177006403203236,-1.0,-0.1372632777371643,3.7341924974675655
-1.0,-0.8572044304086281,-0.6775721480170215,-0.549015256082283,1.0,0.15801856842416817,-0.9743200667980041
-0.7102685499939716,-0.9229080720658966,-1.0,-0.7501829067638703,0.058554970829058126,-1.0,4.135178265696749
0.7816905271462031,1.0,-0.06022783494706152,1.0,-0.7959021506639078,-0.5308967919852415,5.696406431482399
-0.05496070622751792,-1.0,-1.0,-0.5157758887361807,-0.3673397653426729,-1.0,2.4067195776638215
0.5407609318543525,1.0,1.0,0.3552565760974373,-0.6481058425686044,0.4017383628173108,-1.6201896405453222
1.0,-0.21225236075014076,-0.8343952126384708,0.6892922828697516,-0.7073573711293349,-0.33337427338891457,2.916933849067447
0.20043698711013747,0.8412199610877125,0.8598930659399568,0.8073231549682223,0.4413559155318918,-0.7699734556113415,-0.8158030778255332
-0.062324739491540604,0.7385337198574645,-0.40136473477833534,0.4698536043358327,-0.7628877764804298,0.4209246871813966,1.2651337170077424
0.5841391489879539,-0.8350518597655852,0.03806533800315267,0.07043131066130964,0.7611723466347453,0.5455162237342621,0.27450056829713976
-0.37917745111591894,-0.7926252076842484,-1.0,-0.2613577839081479,-1.0,-1.0,1.4474896387430842
1.0,0.15000198943764786,0.30784645132343913,0.7830406823217786,1.0,1.0,-0.5738238546598735
1.0,0.8352307977508548,0.27482584280461764,1.0,-0.8217776336797528,-0.5878941092197915,6.696877609668529
-0.78886030491916,-0.23931989498557737,-0.5153316989908452,0.21098261204754967,-0.13393169280771428,-1.0,2.798631797622646
-0.6380870629016381,0.31419106093128774,-0.14352342854204547,-1.0,0.18618822990731965,1.0,2.541949428795413
-0.24385972158327796,1.0,0.9700580906806034,0.1479174613917753,0.06296589339439018,-0.9036603555695225,-0.7503952951485049
-1.0,-1.0,-0.9286742358955804,-0.043883302038323135,0.9279327020878719,1.0,3.8685627840656442
0.09570544794502364,-1.0,-0.5609083847669541,-1.0,0.29933844311460145,1.0,-1.2467872592052591
-1.0,-1.0,-1.0,-0.30859238862790406,0.084765385350275,0.6137603405741823,-2.9888124771735245
0.05424766971845696,-0.5568916909254839,-1.0,-0.7961322895085576,-0.4698157744623607,1.0,4.7396331693848035
-1.0,-0.24686570702549682,0.71645447880681,-1.0,-0.6985035484434416,-0.8015320351123508,0.9807971401261046
0.10775204618515277,-1.0,-1.0,0.22623747759814253,0.499039259990904,-0.5864149900999879,-1.928149539973713
0.09583526700676293,-0.9531754208197578,-1.0,0.8358893134230554,-0.3229159269641986,-1.0,-0.8278181822731631
-0.46956585479381435,0.44149659680361514,-0.047081935203527214,-1.0,-1.0,-0.09325377872304874,1.0768921483610285
0.8325837365795503,-1.0,0.972162662940168,1.0,0.6460313803093976,0.6385181560457005,-2.1040695967087903
-0.6492423906347297,-0.11863084396092893,-0.15807078461303048,-1.0,-0.16332706029497895,-0.40504270518588104,0.628047401087308
0.8032299952093545,1.0,-0.028502952651007565,0.8648484431302242,-1.0,0.5522003573599878,5.271117890550569
1.0,0.6725359684621184,-1.0,0.30568301432259615,-0.10895750724673792,-1.0,2.752033698063176
-1.0,0.7675276763464745,0.5593093793006311,-0.8652238655009001,-1.0,-0.3118560281207873,-1.7896022025739065
-0.30495093494667547,-0.5834921779346646,0.7652714291652357,-1.0,0.745272249787331,0.18022239910626037,-1.2332156166515476
-0.7999690265680117,-0.5101899731252979,-0.332658316951449,-1.0,1.0,1.0,4.980362215537101
-0.2789524554021099,0.10119405686138185,-0.997660779426147,-1.0,0.427911791391256,0.10146153986641138,-1.3766558790766905
-0.5932386379278514,0.4344732312909735,0.5519387021687387,-0.2563900190533572,-0.9910592376956175,-1.0,-1.4675564381096018
0.692409711484006,0.0697246293917641,-0.268970088256818,1.0,-0.9826126444324939,0.1314367336246558,2.395864674166781
1.0,1.0,0.1120689834490558,0.8300032888358493,0.4799525900234697,0.45382066443279523,-1.2936956147284686
1.0,1.0,0.10197411873037554,1.0,-1.0,-0.36645628329104674,6.720822234037734
0.7336045136566121,0.3701484445795159,0.3406347181573133,0.14336242292561008,0.01624452264475973,0.64528905989035,0.2538060239376955
0.7277889368054795,-0.5034177999340874,0.011929285903082842,0.015749368005195163,-0.5137936454751004,0.8309522994498086,3.2394622422075274
-0.25504950961391426,-0.5475434209441299,-1.0,-0.3152925594546432,0.8721105286696953,-0.8510344348727646,1.6521665122007847
1.0,0.8748000477399895,1.0,1.0,-0.02139690779995207,0.5772416361100957,-3.869092723129499
1.0,0.4349524096124021,0.6618458201581332,0.604758368655007,-1.0,1.0,5.597122354409482
-0.694108806952759,-1.0,-0.8070104256032375,0.19022302147256592,-0.7199875849512112,-1.0,0.29125533618999316
0.6582088828256047,0.1015698082297112,-0.3352091474267285,-0.15009783695455614,-0.8312449002504134,-0.2679573889643294,2.0866884771852767
1.0,1.0,0.2127331561582051,-0.5634926698353089,0.2553862153976355,-0.6689151341504415,0.3559068037532302
0.23766105373302437,1.0,-0.646326710469403,0.4360135723386891,-1.0,-1.0,3.9918055176913403
0.07891923116432142,1.0,1.0,0.8412719163494617,1.0,1.0,-5.260989667527257
-0.045609053375476716,-0.5900747521456253,-0.9619621592236898,-1.0,1.0,0.5197439359228111,-0.5316205696071228
-0.6816392541140042,0.9793113497747613,1.0,-0.3048518264320917,0.8728008449989348,1.0,-0.7841783896216417
-0.6999331685088979,-1.0,-0.9117261459989718,-0.48019327240050425,-0.3208619315762238,0.08893257464581117,-3.8835221336590564
0.221505189634438,0.4692018723185094,-0.6699435139024322,1.0,-0.298616562385036,-0.7505578474512584,1.1927809089026329
0.11646995848360903,0.5171214386347822,0.8025222025550018,0.9048646999100285,0.6904693114441784,-1.0,0.08125518632077444
0.38107726083369253,0.5340015861895868,1.0,0.5469472361684968,-0.3339367242779301,-0.014344429470190025,0.14568799971415602
1.0,1.0,0.11465712302802475,0.2273231178045273,-0.32093071021997877,-0.014634936282041489,1.4291781136126998
0.4299715422433135,1.0,-0.6240326696861807,0.11337808347413486,-1.0,-1.0,3.311768820807943
0.5317925828320691,0.8097217870531249,-0.33963774430455795,0.2816759102763394,-1.0,-0.09258620627708836,1.4858394008441376
-1.0,-0.3809579859018828,-0.04988963260185275,-0.8945553436128593,1.0,0.9854530375006051,5.010098849625511
0.6363720509953552,0.7361523246101243,1.0,1.0,-0.4987983423302695,-0.6371481910950705,1.3187749080566165
0.11324908141408574,0.01812628630732821,-0.22871689804549789,-0.5697877773055755,-0.5987992864741063,-0.43888547834986574,0.5624304092494337
0.4255290238578545,1.0,-0.421225539942932,0.5098424424265366,0.5800389397908259,-0.22371025008353085,0.4450167329420307
0.13304600049341553,1.0,0.19669349073141618,0.9458055238511583,0.2636075671906809,0.6527419324876361,-0.6301276979218107
1.0,1.0,1.0,0.8598473734712941,0.45179596327318117,0.7822474912976136,-7.21887261801492
0.4369391016160164,0.16076908319803085,-0.3757861110173709,1.0,1.0,0.22853222852103228,-0.834498439119424
0.31747322128058,-0.4706135353436216,0.4513918829795136,-0.32183437709666635,0.7840172892447087,0.8314964441883488,-0.24392088503699227
-0.7213224393307899,-0.46106715628842304,-1.0,-1.0,-1.0,-0.975229115407831,2.714016897847116
-0.31042983598599316,-1.0,-1.0,-0.4037038570701375,0.8803725546717728,-1.0,1.4864414630670304
0.019257233454310574,-0.9190093757109739,0.4599612987180814,-0.21965594439910113,-0.07949651104591438,-0.04866016872685641,-0.008711104917501933
0.07815312940673191,0.600729540103409,1.0,0.15432525989246604,0.13660109830665768,1.0,-0.49432538912677926
0.03405218124082188,0.5290976999596942,1.0,0.3068790563423117,-0.9171353052064093,-0.7820602154233519,0.2728183990957413
0.47082377978478096,0.3728192899423661,1.0,1.0,-1.0,-1.0,3.022300503676445
0.23193255146146957,-1.0,0.0004022084165022713,-0.39357079872326406,-0.8155059801653977,0.6854754553230441,2.2194665887022276
-0.764819174005824,-0.40338974939273653,-0.2417509276760655,-0.427443331110047,0.8731562891311762,0.4359601339424086,2.024721246904672
-0.9954177100478361,-0.2306784449668724,-0.3231732212268107,-0.46928845750758064,-1.0,-1.0,-0.5423106459157787
0.02474280994136313,0.03792856180103055,1.0,1.0,1.0,0.29867527794149773,-2.5166670690942934
-1.0,-0.04304565398961244,-1.0,-0.9947734468777729,-1.0,0.6356809831115331,1.2273519613697914
0.34250007694783224,0.43999873336699824,0.579615161882399,-0.18031844365145405,0.18606272178540628,1.0,2.1472199031977617
-0.8660073515248119,-0.07163418581043413,-0.5911296231440242,-1.0,-0.5431722778169058,1.0,3.482776596266834
-0.3785090883261699,-1.0,-1.0,-1.0,0.8339313125805837,1.0,-1.2189782150630597
-1.0,-0.4009831109707911,-1.0,-1.0,0.5866441745649188,-0.5430158159593959,-0.5318479860278464
-1.0,-0.5862902595999951,-0.13225914744123748,0.47355776203877037,-1.0,-0.3455918393873911,-1.7235002776590609
-1.0,-1.0,-0.6755145267895786,-0.48471196093349245,-0.8281543071848352,-1.0,2.3349749491053307
-0.06389899512895059,-1.0,-1.0,-1.0,0.5633615442804174,0.3837862795262991,-5.494689664686973
-1.0,-0.2421792035197725,-1.0,-0.752415753876668,0.9981699626457443,0.5036163560459974,0.03189160575182093
-1.0,-1.0,-1.0,-0.9417503580018898,0.4668474417578977,-0.5019408362643994,-4.160447331129574
-0.8758509923935421,-0.37727573902311223,-0.17503678085877317,-1.0,-0.9258435428654342,-1.0,1.3199535268209068
0.7504305200286985,0.0011565408871829774,0.7729623281128233,0.4371802966323248,0.4560666384913312,0.4767984449904439,-2.064372722308676
1.0,0.407773373691956,0.564455429444635,1.0,1.0,1.0,-1.8550155992590478
-0.4441086412077991,-0.16895796955864217,0.42075758299846777,1.0,-0.5686520874760959,-0.39216896850326854,-0.051104947676142515
0.5432944116720446,-0.3129265064142417,-1.0,-0.7027563078500139,0.4157966310561485,1.0,4.037936368688748
-1.0,-1.0,-0.7087432490271874,-0.11199217068424683,0.31631866069634174,0.7513031359591551,-1.0013378158146535
0.20037903217587072,0.9737267155530567,0.2106319466462825,0.024756439800219576,0.4583518634647621,1.0,3.2999246338425032
0.4871643299414358,1.0,0.07567908900749831,0.4224869462246692,-0.5574059922791311,0.7300956762369412,2.7733262417065307
1.0,0.12443007406338946,0.21933293323283914,0.48873370051613074,0.06218816065782484,-1.0,4.925380108919321
0.8734542687113759,-0.5486308066603967,1.0,1.0,0.3699742318157329,1.0,-3.168360801443968
-1.0,0.656798465941552,0.8080943368823481,0.10224104370871268,0.6221509867669519,-0.3370077874890682,0.6233612147665342
-1.0,-0.13480688394878104,-1.0,0.3999130605195433,-0.9109523582471739,-1.0,1.9036230599160524
-0.5798302429622966,0.04578903425122616,-0.25505576462925905,0.6887215876816475,-1.0,-1.0,1.1784943275428645
-1.0,-0.28086377254931627,-0.11505353211798733,-1.0,1.0,0.7551304638494725,4.796306379132268
-1.0,-1.0,-1.0,0.9422989829117259,0.09654212804829221,1.0,2.0522045855451223
-1.0,0.7656124485622713,1.0,-0.12269513047100522,1.0,-0.22562261704292286,-1.2384470647467372
0.49298810151069533,-0.27746966167045883,-0.10334955250933531,-0.22240015049772943,1.0,-0.9165096991671506,0.6082781342908494
1.0,0.07228528688184843,1.0,1.0,-0.3625426504912249,1.0,-1.5062611274005555
0.340692938326546,0.39030694882299044,0.6581422149228577,1.0,0.04553802079913229,-0.17886997466333254,0.027582341038930647
1.0,1.0,0.22637993739592913,-0.5785006561658083,0.9510527855840254,0.7995168086441162,0.7200723375606113
-0.847446870236484,0.021997127820703843,-0.43560576139459284,0.10046621232471326,0.08523065193230167,-0.14973887363941585,0.13408346335913487
-0.6039382999463196,-0.9233344219741519,-0.6141658363040658,1.0,1.0,0.24415964841698623,-2.7635582855517
-1.0,-0.4050279054885102,-0.19273263471926527,-0.6344767910477054,0.29975754184213965,-0.44503801692554,1.3738913166445108
1.0,0.8363137929672957,0.2794765445868903,1.0,-0.6806711035007943,-0.052753316115785376,3.2560923019136423
0.8608456668808744,-1.0,0.9775633495494503,0.8168898352408471,0.8982276738624488,-0.20748067272330623,-1.4681448487625564
1.0,0.34738486257539836,0.7646531371068921,0.6769345380112399,0.8574025118674891,-0.1270229555805189,-3.7220300392664285
0.6682146882226631,-0.17143675829112476,0.38629585576182807,-0.1301517940640987,0.17805256389777546,1.0,1.6267075168684442
1.0,0.028729481881397012,1.0,0.7592249277470235,-0.7834545393911104,0.5681895319452732,1.9227869356714444
0.5411533281160478,0.17491193342133643,-0.5471807113648433,0.046458302125699985,-1.0,-1.0,3.1695794198290814
0.6911413228049235,0.23592032345999203,-0.49236872567271145,0.43570260069532285,0.7890396492752447,0.4170672620872329,-1.8653935247936686
0.7832865395262714,0.09700516075145549,0.3478272434695233,1.0,0.9852721344506239,0.14223426526413263,-2.3722964514136304
1.0,-0.29930637388366416,-0.7984325148041875,0.29493457560361536,1.0,0.5918778897626895,-2.546247274898422
-0.4232858889240507,-0.08146415497144188,1.0,0.07074753577518234,-1.0,-1.0,-1.0771372120258647
1.0,1.0,1.0,1.0,1.0,0.3075881402363847,-9.470693633428514
-0.2680469989108496,-1.0,-1.0,-1.0,-0.1967058968261431,-0.9963423574180652,2.9444974483071644
0.7581484613501387,0.019992883337177192,-0.2704921381775267,-0.28263716705181874,-1.0,-0.867475175847269,4.197684270088866
1.0,-0.2204345459105339,1.0,1.0,-0.20542362874765252,-1.0,4.251730886441692
0.5099613440575257,1.0,1.0,0.8377862163551302,0.5097005978380096,0.8290581082945698,-6.455150145306686
-1.0,-0.11860275837218726,-0.03767289994094858,-0.9752115637223548,-1.0,-0.06296167677392639,-0.03813216442711939
-0.38049600817975454,0.17682200579389074,1.0,-0.8196360522234192,0.10471439148831607,-0.538501886579632,-0.28735884667569134
-0.44262167676226616,0.5122189788552709,0.7847361527132295,1.0,-1.0,0.21476205100019075,-2.570324230696799
-0.18229243643973847,0.47652682121605916,1.0,-0.2336113404337908,-0.1354162678292566,0.13606330442238898,-1.1798675660187559
-0.2384445703241821,-0.8397061940091171,-0.6832701185090907,0.8081498777797881,0.3217679702420171,0.9401778538037573,3.336020837332164
-0.8432287185161425,0.22396509666574238,-0.6415774613388877,1.0,-1.0,-0.3221217943443502,-1.465562646727983
-1.0,-1.0,-0.3252385938947394,0.18738785977587485,0.20661918312591254,1.0,0.7135744952473531
-0.12469829250900644,-1.0,-1.0,-0.25388056456199076,1.0,-0.24666351845688855,-3.632324367394419
-1.0,-1.0,-0.6450323673583038,-1.0,0.010780286956030838,-0.0983647131385289,-4.7085111229610925
-0.6907662874791574,-0.4875788259428559,0.16120714476847933,0.5102644542058052,-0.22332960793614565,-0.7725026998447602,0.9365192681201384
0.7300622484442412,0.6478138461084622,0.1991959870797314,-0.40300620636662604,0.8686298340888019,0.7150539416375468,0.3214197727665604
0.09010418912171936,-1.0,-0.09976579070434413,-0.7749757286475409,-0.4017529981856,-0.24768278714787467,1.2386889876561749
-0.760332610385337,-0.579886718759228,-0.21503540728705023,0.5629102580513609,-0.2727270563950867,0.1439612013712192,-0.8908566918116136
0.907535444020458,-0.5603741343231886,0.12100042809458489,0.2605340651136481,-1.0,-0.262591716305285,3.834955193176251
0.573805197260233,-0.03748465115299124,0.7970980023096162,-0.3514894243381137,-1.0,-1.0,4.295215911583585
0.34922006254958693,-0.29518106034994757,0.054777060083211926,1.0,0.336111040333103,0.8715418685318213,2.4401988910188783
0.6951611689711089,-1.0,-0.7972481629678771,-0.951762881172075,-1.0,0.8541024883604659,9.53086807450641
-0.01723166680713417,-0.9638200950971846,-0.14892616479876297,0.981488518547595,0.021812478860142148,0.15849206595207443,-0.49046176852571594
0.24226828675744833,0.23062306719670148,-0.38792190562247125,0.3921570620317678,-1.0,-1.0,2.90946426527115
1.0,1.0,0.7020887007104989,0.41487037369475066,0.33200447248336007,0.8200626097709443,-3.097841284261531
0.5078292269006359,1.0,0.4995812810156587,0.7015471497097716,0.9893206013761656,0.6352470256982606,-2.581704683059204
0.49455014041747825,-1.0,-1.0,-0.9324414372096215,0.43008561753422436,-0.7826164422663917,-0.6636089660794985
-0.5912281106373902,0.04589775473308966,1.0,0.10644843841396318,1.0,0.6577693510231604,-1.4769887569313882
0.45397326375621416,0.9689623815665007,0.7332352636779033,1.0,1.0,0.8327621645951492,-4.175920207868994
0.998220181075171,1.0,0.2683211836585726,1.0,-0.03125250070588842,-0.0361046805059797,0.12239382451990177
0.5010791076691746,-0.00794789727927614,1.0,-0.8295440185242855,0.0692716088551486,1.0,-3.1722625247838203
-0.1039055797607944,-0.29593014786474536,-0.16047454543982886,-1.0,-1.0,1.0,5.925958137834691
-0.4216022545194659,-1.0,0.34147002000686577,0.622833514872361,0.5022235592020898,-1.0,4.15336206902039
-1.0,-0.234164302214114,-0.7881790342832642,-0.27118987299928987,0.47545188913054387,0.7305035837743943,2.104140096127503
-0.867899416441615,0.8197188865895301,-0.24784885207510327,-0.45433512167365936,0.3531834132450218,0.6473408058203736,2.147992850215207
0.2552269442205409,0.04544837638363419,0.6081884486175458,1.0,-1.0,-0.4941486872297882,1.9056798275669864
-0.5126420271607874,-0.12440897209928903,-0.11675800199945147,0.6582465982353083,0.9617397988340627,-0.8080494934452445,2.696538654064759
-0.42276405603551204,-1.0,-1.0,-0.7264187271185107,0.5083352380264323,-1.0,3.0274979324328695
-0.14432147864083178,0.6028864428320321,-0.1786423904947409,0.1719976921188865,0.9393245410589768,1.0,5.785248302418807
-0.8757289090430069,-1.0,-1.0,-1.0,0.6106629220373754,0.36724997509343665,-8.04665057270216
-1.0,-0.7499587700764851,0.6052856291946118,0.3629320820100714,-1.0,0.47445400887739914,-2.5575534810391964
-1.0,-0.5019815430792336,-1.0,-0.06356692463012725,1.0,0.24401996644617097,-1.0038139437963678
0.16903078002964184,1.0,0.16421184324916435,-0.7261803013115024,-0.32362221858222046,0.5060483668529361,3.334122527323677
-1.0,-0.6803175328967126,-0.26979279770927,-0.25350538178429716,-0.8533466489091652,1.0,-1.5701866342336719
1.0,0.9394641216754037,-0.9569416866442196,-0.44193593098739326,0.23163160892183965,0.8361135872103281,4.413859979197069
0.7959543178431897,0.8055770899156589,0.6529887219508583,-0.07093982396284781,-0.04318132390070445,-0.8513898585873892,2.40126863121195
-0.5112609137123129,-0.1783626890575068,-1.0,-1.0,-1.0,0.401006966086014,0.21210691518093444
1.0,1.0,1.0,1.0,0.03938780654644691,-0.6209004607384736,1.1235667053004301
-0.5931773197795097,0.09176106903458378,0.8442814184879139,-0.6090597151227287,0.4837578065930658,-0.8779697771989456,2.0775687667175404
0.059555835080649766,0.051155345384614304,1.0,0.461105457491382,0.6441435584268118,-0.1509210710719835,0.4079758577243993
-0.4696102532511791,-0.5097127972620008,-0.9768593955845419,-0.4159127373882223,-0.8364685350190494,-0.23102053542335468,-0.3194807862551332
-0.04146533846139511,0.3445476895499665,0.10090539462566928,0.8659930836835517,-1.0,-1.0,3.992368745397102
-0.4220750924794257,0.6627024099191572,0.18010064877482612,0.42410674382384755,-0.2059604409752121,1.0,1.8604279336701504
-1.0,-0.1366689492802673,0.2547064067044212,-1.0,-0.1567355672526501,0.1850154537153687,-1.2289202856486212
0.9401711857458361,-0.41003278556377976,0.7288008523297631,0.39051417422503265,1.0,1.0,-2.5709846338210913
-0.9597213367511623,-1.0,-1.0,-0.4748677062877762,0.9751213010736787,0.1391096328571297,-4.101177866106129
-0.7740083027172131,0.0044041685138317965,0.7112871965396457,-0.5588210092995305,-1.0,-0.8026654751999183,-0.9521511408608986
-1.0,-1.0,-1.0,-0.859871723594375,-1.0,-1.0,4.0382918183397045
0.2067868258931273,-1.0,1.0,0.8903940627655877,1.0,0.41875289020495515,0.093050384286543
0.10634195070958374,1.0,0.6966996279130969,-0.29956637070689585,0.17038463273159682,0.9857754890310112,0.11116469365377246
0.13461560736476375,0.7942887237410304,0.13906591264822576,0.06832436246388629,-0.4152908960251543,-0.6106255387504951,0.10895374410103897
-0.45865601745186135,-1.0,-0.6281231676048781,-0.46220795669487563,1.0,1.0,1.2883558687121686
0.9211611551025858,-0.1540238493557342,-0.4594468795432182,1.0,-0.3867334370765248,1.0,4.633091123319499
-0.3007174124675165,-0.887519037462431,-0.7866529141375722,0.7024254275811888,-1.0,-0.17328303595448324,-2.461580430608081
0.8002904093555592,0.41497308020025875,0.07325352158636972,0.08778947861590844,0.7033609789999233,1.0,1.109102606802836
-0.722070440879498,-0.17671474082127414,-0.4836194637335076,-1.0,-0.008984339776545558,0.5755341841562959,0.07505855133269562
0.6509677004319167,0.4742302673188333,0.0853245002791426,0.5974799272106767,0.4076240572581207,0.8317735301594359,0.9935414704963274
0.18596011432702736,0.6679810417531241,-0.2990467123881063,-0.6640915010907786,0.8387323572338617,0.05128124189915623,1.0666303995687154
1.0,0.78018782234085,-0.9773104721178283,-0.007796134788309844,-0.553395289704113,0.8313911530690553,6.564478871627583
0.11999632246811004,-0.2720296072140625,-1.0,1.0,-0.35567859717272976,-0.2705340926496464,-1.5182723980856017
-0.8430966032010496,-1.0,-0.8868686690103003,-1.0,0.2679933179386643,0.13923469676026398,-5.84352517885432
1.0,0.3173740532439822,0.8529064706185066,0.16532335315908586,1.0,0.6756976895009679,-4.596627348434202
0.1420145485611488,0.20943688599417576,0.44099149096957435,0.40689166576802904,0.14186527399358695,-0.17468996436778628,-0.0991808714511424
-1.0,-0.35259534550544114,-1.0,-1.0,-1.0,-1.0,3.3361853702808
0.057464752663063806,0.17881971127624213,-1.0,0.23385355109735675,-0.2427081909142914,-0.5070515340644577,0.2495383511762281
0.4461750149108069,-0.08243080841741962,0.8547303073407548,-0.07770863036470055,-1.0,0.021814310517458857,0.5831345586865648
-1.0,-0.9284291181135325,-0.987025499047851,-1.0,-0.3837871179211496,0.20275168895410262,-5.510137857080459
-1.0,0.5299963428547448,-0.9357164252178296,0.49863685200438085,0.5851666907685382,0.9525380042236818,8.188278694887376
1.0,0.8468981666223827,-0.061196517075677526,1.0,1.0,0.3067071496330191,-3.8596835995839562
0.06275987601526475,-0.7770217897500258,0.1923391183006899,0.3852431065098332,1.0,-0.14286924275561086,0.45250117200247664
-1.0,-1.0,-1.0,0.5435759900741408,0.06282963355598417,-0.86627711086782,-0.9497972960705466
-1.0,-0.20009481136461016,-0.26429110444033344,-0.025735493178187907,1.0,1.0,6.555677536861313
0.5404676613975988,-0.034129096064797526,1.0,0.9888694616486401,1.0,0.15365960019251368,-2.644959064071072
0.14003328000052515,0.23007730511899815,0.2784662012483936,-0.4213583959455114,-0.3599526816566364,1.0,3.049981604366705
-0.37404582887822974,0.42409717686912657,-0.5863881259081439,-0.6488380838366119,0.8125910848460913,0.8959673357867297,5.9697002378417166
0.14106954028715313,1.0,-0.7577822975933007,0.415414159055273,-0.6485641684346091,-1.0,4.1472127320071435
1.0,1.0,0.03036039960222195,0.35770228248411007,-0.24470065302464072,-0.8094661342902962,3.423894217416093
-0.9861045023702566,-0.8405034510230516,-0.8902113013303063,-0.6602443647614737,0.8674257124632372,0.796944754832116,0.3536658381751541
-0.19901330983501264,-0.4587787017576803,-1.0,-1.0,0.1248395488454133,0.7993767239366629,1.9164745431634251
0.2923219630305496,0.1213151630552739,0.4419346970940191,0.21947390383983165,-0.2670705215551862,-0.9892937084660142,4.180124627047521
0.6960284710255509,1.0,1.0,0.813228696910747,-0.7066260887092511,0.45321592200079597,-1.3287398746684662
0.2494328156257093,-1.0,-1.0,-0.8232028925060161,0.4366694553508262,0.7509705111619305,-3.0730327962741892
0.3844201822469888,1.0,-0.031143109640207972,-0.47247310820553967,0.9358215542349766,-0.5535939457600332,0.2888954378491114
1.0,0.9617428637880714,1.0,-0.004543924514918529,0.3709961953622678,1.0,-3.965726333873297
-1.0,0.3019122689635716,-0.20862868081149794,0.6686679149697274,-0.09838281127187032,-1.0,2.581834675476695
-0.7224277358144231,-0.32362572570223236,0.12277135135124384,-0.8865797268618012,0.8004118732706635,0.04757145719317246,1.9432795646804886
-0.004425642820361675,-0.07146404302952264,1.0,0.6271355221933121,-0.24621448551830316,0.3482179383484674,-1.8551542203249278
0.2481097899534772,0.7070343179694398,0.3847396147847182,1.0,0.39282678885332145,-0.8607467384837009,1.2210922398977457
1.0,0.9067883605118716,1.0,0.4569755689960286,-1.0,0.10862755987089734,0.993402195663305
0.6020220054502725,-0.3592442375294307,0.20091421949572874,1.0,-0.6258758930313788,1.0,5.297364892044264
0.2985847577195848,1.0,1.0,1.0,1.0,0.029576666414891317,-6.702509946770793
0.8983046801314393,-0.5830546295886208,0.5505204197273076,0.338340667628372,1.0,0.8005417867080336,-2.9251149962821152
-0.3047710750948991,0.8265885976252415,0.4099364139077982,0.6660684538745084,1.0,1.0,3.969681740846971
1.0,-0.6194116600883502,1.0,-0.012219445264447182,0.006627633290692908,0.8361597407561598,-2.3987612028737146
1.0,0.46647381624118545,1.0,0.22504921171217185,0.001053534295466188,-1.0,3.2917643118569035
-1.0,-0.5543814222855604,-0.8206385599388188,-1.0,-0.5390272982475128,0.004898052612852366,-2.4060466292039724
-0.9770264069727821,-0.5020441055807049,-1.0,-1.0,0.6080298534832319,0.18611892153088339,-3.046028413436435
0.023257994687720718,0.18991997045545642,-0.6835913167014006,-0.21949631358562544,0.5513428637530375,-0.13136461043772785,-0.15507945868598322
0.6393874583329799,-0.35758569113997374,-0.5970542916323949,-1.0,-0.8159168465351366,1.0,7.6953197193630745
0.15795317997757197,1.0,1.0,0.15540672609834805,0.11686462735538267,0.24911906498411424,-2.8319241228219894
1.0,1.0,1.0,1.0,-0.49706833436571907,-0.08275819109996158,1.4279141921580643
0.36873868014924316,0.5499445184360434,0.5544262998901244,1.0,-0.1596907049259722,0.0023930789300548178,-0.5322271814487316
-1.0,-1.0,-0.2020015353911685,-0.3737423918000393,-1.0,-0.4646396325498256,0.5381545478021226
-0.2882920700386413,-0.3968179561196825,-0.3382838758130331,-0.30988661080312396,-0.34503568006602137,-1.0,3.014740444263791
-0.17553639800607646,-0.552104313438075,0.27474862604305605,0.7074908316409347,-0.8997334022785688,-1.0,2.502506284665513
0.24717407472620345,0.13201134959738936,0.20075615514185885,0.5673463643896199,-1.0,-1.0,3.0137540037419526
-1.0,-0.010165377683216348,-0.9752409089955134,-1.0,-0.3378169767315288,-0.38300032989525024,-1.6464657516523842
-0.5592985913138795,-1.0,-1.0,-1.0,0.6946023474185146,0.8449218604145279,-3.2290467167231895
-1.0,-1.0,-1.0,-1.0,-0.7408947920250156,-0.6811120035410574,-1.0021555445764612
-0.21772974438497916,-0.6498475922548308,-0.20831599918294907,-0.4536136382384506,0.7614333563324754,-0.9203685633502637,3.8808687343838817
-1.0,0.2356987714651545,-1.0,0.2830824859498866,-0.4740830526806418,-0.37128006303212774,-0.9378598743499327
0.7882328134717407,1.0,1.0,1.0,0.5759864943270694,-0.6775441881704832,-3.57073157804556
-0.9783263409497982,-0.9726066393351291,-1.0,-1.0,-1.0,-0.8239121327353909,3.1837651118810397
-0.03983355163103541,0.0042864556819980915,0.22245269290495406,0.1461469866820837,-1.0,1.0,3.5942106169310755
-0.17411226522258516,0.13631493410402834,1.0,0.06900624069763794,1.0,0.3537780813190077,-0.4290930789811239
1.0,0.06342653300769413,-0.5025382951930435,0.15974485327145826,-0.24583178063684874,-1.0,3.956500439016006
-1.0,-1.0,0.023376073508928785,-0.4261726263570502,1.0,0.948806410488319,3.256558997397055
-0.5046266376323831,-0.5363137045654905,0.48808050866039476,-0.4513148084274466,0.8823400424623818,0.43692168581069507,0.8769428043425201
-0.04353182996517366,0.8559953247465285,0.9673210501393172,0.42816364802776774,0.5694492933529658,1.0,-1.3160278652526989
-1.0,-0.4086089808394455,0.525154792141955,-0.032132905559938196,0.8492557881507179,-0.7004897660369228,3.7373633845660006
1.0,0.4450625593782753,0.03332759057457957,1.0,-0.09467492333910865,-0.8984961950789305,5.2865143869103415
0.2468899429639254,0.3903285643481067,0.42703024450084975,0.26410384139243515,-0.8592993160919045,-1.0,2.2224381498029224
-1.0,-0.3094377766570082,-0.43116011751207384,-0.9373675112076456,-1.0,0.38539616257913367,-0.4913899329567191
-0.6417572339131904,-0.6922744354725179,0.006849729530737342,0.9041095372733273,-0.6263060100693445,-0.34111704785253294,-1.3246462017051233
-0.6798509161238688,-0.4479114923507965,-1.0,-0.16545549404320803,0.05776587869257685,-0.5498886616047334,0.1614173633215818
-1.0,0.009334614980427869,1.0,1.0,-0.8584442241422372,-0.6341872506616233,-2.5488789185227345
0.3694843313033671,-1.0,-1.0,0.7793754428995607,-0.25849143952668063,-1.0,-0.1431817665407347
-0.010685543575495948,1.0,0.1035998077508018,-0.3958070688886791,0.08582963801351928,0.09774707869228094,-0.040420241167781
-0.9014257183504997,-1.0,-1.0,-1.0,-1.0,-0.515552726356904,0.9510291324789267
0.9457100286544252,0.2770519148067807,1.0,0.4510211420859013,-1.0,-0.4533264771102905,4.925361402198022
1.0,1.0,1.0,0.29866032173111057,-0.24035010357016617,-0.10355982916273446,-0.6204734467533829
0.5359909970153476,-0.007450090941080123,0.9599757292741634,0.6929464359948376,0.6652914749456125,-0.6679084103001557,-1.3038812559832635
0.968795591743089,1.0,0.13553504207347272,0.3292119568851639,1.0,0.9198747217126553,0.22362611794857978
0.6447164556539289,0.6059791519346458,-1.0,0.7117751914431737,0.28327333785699566,-0.24795977990887408,-1.8598405695886346
-0.4355402472716554,-1.0,-0.8041656576893084,-1.0,0.09786410268717005,0.1971708315872045,-4.09012107659118
0.6910403122886173,1.0,0.09641005329341001,1.0,-0.2315082321456966,0.07472548538380408,2.3490230053967442
-0.08328504266389303,0.889884812356216,1.0,-0.008735079996930684,0.774210920431257,0.4707815532418571,-1.8724368886299592
0.21086342873854905,0.4971490541092111,0.13150463196133136,-0.26656500243557557,-0.05926477152541976,0.0461862514389873,0.2296968951632085
-1.0,-0.23890532895638283,-1.0,-0.0437027540682719,0.592374226554055,1.0,6.917401140518592
0.349723904544438,0.9514793676286226,0.4327863932654805,1.0,-1.0,-0.8162811984349891,5.017046854549228
0.6147829085966641,0.9817083539339329,-0.18944254409057731,0.47632008504305146,0.2871299602160405,0.7567665656237167,1.430619833054256
-0.008456102423975875,-0.08705452583531215,-0.740062696444784,0.04360871265985796,-1.0,-0.4974171737431343,-0.4131676904938274
-1.0,-0.10706413537884729,-0.3958485498006623,-0.45193985227427946,-0.8090863331491845,-0.6978105889369427,-0.42070395628163826
1.0,0.23361574012620712,1.0,1.0,-0.5948446768004452,1.0,-0.4394166431392025
1.0,-0.34801358717067865,-0.38472020169472165,-0.5578190969696485,0.4675315474391003,-0.8780344771375781,1.7092066034830333
0.7484903819481041,0.9204556583713857,0.6393706087881592,1.0,-0.8931919634693825,-0.431496715575833,4.111942519660766
-1.0,-0.1231812337146243,-1.0,-0.3662608386440709,-0.3673991420280047,-0.008103984917973317,-1.488169146212869
1.0,0.19974880999258493,-0.6383944087343879,0.9813129735458305,-0.6105171337803965,-0.9753998062350375,5.021206531596675
-0.13305072153101616,-0.5185919565833943,-1.0,-0.7627237169005792,-1.0,-1.0,2.382617559789713
-0.20098362005238735,-0.25629377649663365,0.9574919738360529,0.15836757652335112,0.7125955365473648,1.0,-0.5618405625517775
1.0,0.17230312865292063,1.0,1.0,1.0,-1.0,-3.8068759677575006
-0.7974079105497658,-0.019273760600505008,-1.0,-1.0,0.5008360430229916,1.0,7.468017854444819
0.3205392409839831,0.6324475833052582,-0.5999298251953837,0.8061758215912154,0.4108572536617188,-0.04166884867091036,0.10412442092724755
-0.6192899477220086,-1.0,0.2235804438755377,0.25213627170859165,1.0,0.8131391650666269,3.028268358650235
1.0,0.7153854466081451,0.08035027884461643,0.8073212572361184,1.0,1.0,-0.33268353128266515
0.4161797878671918,0.435258273879631,1.0,0.10567896976837399,-1.0,-1.0,0.9416823722799251
0.6946836944385948,0.8560048206722092,0.6179344548000435,1.0,0.5686425657762277,-0.4397295791576129,-0.8235041924964994
-0.0848205182370807,-0.9542218687382569,-0.17897418350249616,-1.0,1.0,-0.1749509167314678,0.7373062386388123
1.0,0.6949095886417904,0.8255545261535076,1.0,-0.5762000077742916,0.5983251307621196,1.912936751641201
0.893016336664193,1.0,1.0,-0.6166957319512456,-1.0,-1.0,2.3514992378664896
-0.2741763887706491,1.0,-1.0,-0.09155780756269682,0.10378428558723263,0.7465768956284653,7.510213097022
0.25823618369445167,-0.7017681464389158,0.1780703530005771,1.0,0.22212507225485006,-0.16577011816495024,0.6787871319816423
-0.6220386683612777,-1.0,-0.5030313258432673,-0.22414298710899172,0.9356395867941983,0.12482248623256156,-1.3304502967111098
-0.4150829118884577,0.39522236448820514,0.48322010692447237,1.0,0.5630963308201145,1.0,1.9035977152061647
0.10327850592738697,0.49959606952075053,-0.01915949306391007,0.10744807246514354,0.19208049198640373,-1.0,1.4443110132279702
-0.31219512014122,-0.9882046180242512,0.07937391308981234,-0.580422862888073,-0.1126291176676868,-0.44377154753728987,1.8372604670720019
-0.8051589523196967,-1.0,-1.0,-1.0,0.06686718298789078,0.03476041789156925,-6.3364416844924385
0.3093749702929177,-1.0,0.04780376853352598,0.8925809322898937,0.891681205784034,-1.0,-0.36365927234399353
-0.1945406438458135,-0.46477056130049893,-0.8946426216069754,-0.7248837995223869,0.12323909702878255,-0.30486386604300386,-0.6615393028515615
0.24210176022164798,0.5804854853000814,0.24229200124116024,1.0,0.11589850595611251,1.0,2.3511472329006904
0.8808406899091109,0.01141859843162979,-0.5684885241629618,1.0,-0.1339321919242351,0.06858256768013282,-0.14696040194986643
1.0,-0.10507782784079667,-0.16509496444886645,0.1836046408389651,0.6304860088262583,1.0,1.4810201690850167
0.13532124903397724,0.9979106066295684,0.07901671857242087,0.8447323503368354,-0.6208077593567162,-1.0,5.596145209740531
0.2451281406221157,0.6509589798346305,1.0,0.586229749302398,-0.41729540725674785,-1.0,1.9961588389365328
0.6363923693737017,0.7817745777815472,1.0,1.0,-0.8608703306304388,-0.1828383086370874,0.8884533643540614
0.18485886998302137,0.7057236820660736,1.0,-0.433699949399196,0.16734725911956327,0.4397437887787773,-1.5504898985739195
-0.7665025390765795,0.11174009578997257,0.1490091787962165,0.5516968961325919,0.6978761298359641,1.0,4.907944064439572
0.895567080472768,0.7195653827788375,1.0,1.0,1.0,0.8250577125020402,-7.2883227230488155
-1.0,-0.9614339156287925,-0.7736068591681649,-0.8295770778977669,-0.23113593040669123,-0.47286631391188055,-2.296737459050125
1.0,0.28427918747296865,0.23381305641533529,0.8753017184043966,-1.0,-0.8164530043370186,6.793171688643881
-0.9056931000045895,-0.5426332242306322,-0.37017405575664575,0.1515726625266467,-1.0,-1.0,-1.3805251111112722
0.9111168873499285,0.8769359081695962,1.0,1.0,0.9798874931024277,1.0,-8.356238683327883
0.5891608336002028,0.9070527803115219,1.0,1.0,1.0,-0.3156777179057727,-4.386066542063929
0.38204791186538967,-0.44090822969381666,-0.06698643296669304,0.8006126168137696,0.571182602710983,0.5165687042877856,0.5292987778941292
-1.0,-0.09941793591429882,-0.9891670060555727,-1.0,-0.012532151439238692,-0.06421131360297644,-2.2669015765001403
1.0,-0.2687831344587934,-0.30400427368694016,0.16563318030378582,-0.8363422178731186,-1.0,6.984381325853687
0.9774543209695201,-0.1984975907386617,0.4870396695089995,1.0,-0.19339988692084042,-0.22917642878421063,1.2240926556640508
-0.6716657146314926,-1.0,-1.0,-0.8889368787152765,0.16822740137033398,-0.4180564259366595,-3.507962962389301
0.6966305398106434,0.06724199500827055,0.3459179804048991,1.0,-0.08726062490230035,0.21393112811161819,0.331347316532336
1.0,1.0,1.0,0.6009607352634696,1.0,0.6539696882075327,-7.9864413117908
-0.23212329147322808,0.2921590845282369,-0.7397048846110998,0.5987496427730561,0.587880019227596,-0.2531084399937046,0.8966118746233246
0.566011874072193,1.0,-0.8308505031390012,0.024075745073950106,0.5519978084586425,-0.5111549887379894,0.7048273219298803
0.25788012908598174,-0.19997352168291505,-0.3124286021039755,-0.597438743220982,0.0787981908462444,0.04530590529955503,-0.37336776431478547
-0.23048242178514577,-1.0,-0.6900373504696149,-1.0,-0.4512249748400379,-1.0,4.755169488557403
0.14942425285273142,-0.5841642438649385,-0.2203100904982447,0.2562867007605252,-0.6011819520883994,0.05087605067244616,0.26399574218186367
-0.5846047311343308,-0.2606032237191904,-1.0,-1.0,0.14003940918085134,1.0,5.423837402108613
0.4163344518920098,0.41277138546772774,0.06419456628804854,0.6609824381129723,-0.42756084576304665,-0.27219483483051254,1.3322759219691287
-0.2168921206813752,-1.0,-1.0,-0.1390166583607623,-0.024222259397586265,-0.419676516840348,-2.520488531982277
-0.5915231316458811,-0.5027041874418492,-1.0,-0.9302014017051571,1.0,1.0,5.030779122593035
-0.07192649945180113,-0.1321775598910344,-0.4652585137760177,0.3696722581876649,0.13186970068173934,-0.15617282795560342,0.2397647982792705
-1.0,0.0711982052130497,-0.49497225855490784,-0.69668969570157,-0.7644933243739409,-0.3651758364943556,-1.7572185178976816
-0.6294929702390456,-1.0,-0.21713931771791728,-0.9415701571386061,-0.9263797372581812,-1.0,5.451718237782853
0.011024660120870666,0.5394052809877672,-0.45408225904713484,0.17765114553887307,-0.05677616374683986,-0.07101598209085491,-0.26086122374761944
-0.34679437205207164,1.0,0.5831356287991538,1.0,1.0,-0.8593750348193794,-1.762603840234171
1.0,1.0,1.0,0.8904456783797284,0.8410087920049822,0.4553560086093333,-7.868255073190842
-0.17917609129476686,-0.10982211833501099,1.0,0.46182614618797424,-0.17622089744083397,-0.3254298416894005,-1.1182125630102635
0.3622248203937777,-0.7127445158654837,1.0,-0.041816747485861734,-1.0,-0.009901286186617564,2.034703584093246
-0.3464070382351616,-1.0,0.5340345424955539,-1.0,-1.0,-0.246545588830122,7.002103393151442
-0.015411419435004708,0.9287781958996946,0.07959634123239723,0.805247120441258,-0.9733310923940841,-0.14679683886542638,2.0544337044482393
-0.7841748668768179,0.379341887722305,-0.5349457493901053,-1.0,0.412113988900239,-0.4514849844216735,0.4761627931092921
0.6084706298086595,1.0,-0.5724961610839536,1.0,-1.0,-1.0,8.991893065726764
-0.07107598264641568,-0.8288004762002187,-0.3585004986202066,-0.36160673116483116,-0.47210626636198016,-1.0,3.4899490519659433
-1.0,-1.0,1.0,-0.6942123021525366,-1.0,0.8849201296370406,-4.451923293406038
-0.12039259786735573,0.11026369283937959,0.13735892274649014,0.9648587770585533,0.6491048725355195,1.0,3.803095371516536
-0.5493455203949557,1.0,0.420346893439284,0.2783387348643036,-0.5305398438861402,-0.6396253980819393,-1.411409215887121
-1.0,-0.11284197301031751,-1.0,-0.43004460569055825,-0.7896358985061781,1.0,5.352950564420933
-0.1999136729612041,-1.0,-0.5805844065557078,-0.12882161012589366,-0.3971514489718603,-1.0,2.0548001190502485
-0.7938199461069007,-0.88785506798104,0.2311873481172958,1.0,-0.18928242598294026,0.1098668867551168,-0.7327238986846244
0.2067899975417391,1.0,0.06947503264994825,1.0,1.0,0.0014189560832059411,-1.0210007732930062
0.2600250365004121,-0.13665214179507457,0.6200192141747327,-1.0,0.9885631404259679,0.21076031976195986,0.16176649796193873
0.007386873729874344,-0.5242633494908746,-0.2643737420330895,-1.0,-1.0,-0.9091922158674819,5.155946138818297
-0.6832291298246624,-0.22750079708343485,1.0,-1.0,-0.1443191860717184,1.0,-3.7526897462334183
-0.34556771745241144,-1.0,-1.0,-1.0,-0.13753370674397103,-0.23453124033930717,-3.061843642099376
0.3429039599667682,-0.6044121012842634,-0.1400166254410009,-1.0,-0.7029168861191619,-0.15271505141531064,3.0656777539350197
0.12235552117106818,-0.06594954273522208,0.28026760818844454,-0.27609536562168535,0.45776782977055364,0.6951327907971874,0.9873482451906607
1.0,0.7063961623081757,-1.0,-1.0,0.563037564542209,1.0,4.328985038832164
0.15284564824022162,-0.05499160168922307,0.13700263633926268,-0.6384956835065294,0.8065539456710845,-0.10434101958603575,-0.29186227383451674
1.0,1.0,0.22811780500681533,1.0,0.5069252627233293,0.7491251709105748,-2.435864043225672
-1.0,-1.0,-1.0,-0.9495065947569952,-1.0,-0.16020946686150128,-1.645138264405805
-0.8645396494400367,-0.9689828487145681,1.0,0.1397162161797087,-0.0002769055847454127,-1.0,6.100946859276232
-1.0,0.6980242126170957,-0.06831916356455747,-0.9806237781520575,-0.45410744481318666,-0.9790102110461769,-2.057244641633946
-0.6000830076931389,-0.47638347706487405,0.6286890537893994,-0.1558026745329053,-1.0,0.5150052695880135,-1.3475550478816138
-0.6817726421956803,0.4028102199672907,1.0,-0.420831553699071,1.0,0.11845945831737126,-0.5501039689241914
0.5498405638869532,0.36765912461591255,0.14114849158111825,0.5698494407449561,-0.2308415221199216,-1.0,4.451580297125005
-1.0,0.05592548590126045,-0.6975968658644325,-1.0,0.4826868997559018,0.41945073795466803,0.4785714768731718
0.6883267149132178,0.472925971133627,0.08326177106842764,-0.41125529811672706,0.5583112995249258,0.548742875664181,0.6313310602656514
-0.6742483179510361,-1.0,-1.0,-1.0,1.0,0.38895903048721436,-6.189733851370927
-0.8747285991095448,-0.6754270190847516,-0.3214669024445693,-0.12742157682649813,0.2536084612390599,-0.5669013384606778,2.289699683476674
-0.011887098222516657,-0.8669870131076631,0.5257322796257768,-1.0,0.7116533256339437,-0.1074465929436767,1.8411274286459034
-0.18439370716035827,0.03355002184607059,0.17035046100905116,0.920039588748869,0.20228106522254108,1.0,3.1924519817410886
-0.1004221512347816,-0.14815106694941405,0.28611286876041114,-1.0,1.0,-0.7719458202247549,4.240371160596504
-1.0,0.41689802264858156,-0.29770330251261723,-1.0,-1.0,-1.0,-1.7044089668926654
1.0,0.437834497973449,0.13413116283265347,0.8512476644017282,0.33500957933313524,-0.36991850601097415,-0.0501029021536675
0.4975351450411043,-0.26637847024699923,-0.22284635640038714,-1.0,0.6192768947697551,-0.5515015644226409,0.11459787486287087
0.05076640152216977,-0.5707231064477221,0.15163148528429582,1.0,0.8362947276087487,0.5390610898696813,1.0394720074475614
0.01195128939989705,0.22655845052566426,0.07871789120195294,-1.0,-0.8198121011026469,-0.8340440684685182,1.9372038562187406
-1.0,0.6959997553338569,-0.7045064938919396,-1.0,-0.013916264043667526,-0.5978779591836216,-0.36550845208257704
0.15147256397202746,-0.2552004710237967,1.0,-0.5211543204473745,1.0,0.38581225481465764,-1.772313656982274
0.6139042092579734,1.0,0.9082570461305473,0.4954784707197186,-1.0,-0.7856258416812469,1.9891289697346834
0.9619417006347712,1.0,0.022579653136408195,0.06325850715107872,-0.16902517059235717,-0.26165980357810126,0.7714009896210048
0.12473128065662975,-0.4260788723046409,0.1755471777881903,0.5315572916715312,-0.2706366066170165,-0.1871097575195546,0.1880779742241714
1.0,-0.14559762894858674,-0.4474700063833558,1.0,-0.9986924146526024,-0.3057181475285766,3.361387594219626
0.652687517157334,-0.22598168153054893,1.0,-0.37066598106007265,-1.0,-0.9624676128117922,4.41778416373479
-0.4515281430105268,-1.0,-1.0,-1.0,-0.5102359942849863,-1.0,3.4045220608551134
-1.0,-0.4697660909540628,0.10206826795866364,0.16708771989514065,-1.0,-0.8666487320853195,-1.3029958642703576
1.0,1.0,1.0,0.8980188447325165,-0.11343012019454018,-1.0,2.9008965743881308
1.0,0.937096450921127,1.0,1.0,1.0,0.19729037361231372,-7.241867936520421
-0.18889705472339036,-0.04148483936138181,0.5266127537305275,-0.18954360834938244,-1.0,-0.18121541493898363,-1.2978481062385523
-1.0,-0.39673730959372144,-0.3920484402749269,-1.0,-1.0,-0.4852121675018587,1.9052862348134418
0.49315285814776777,0.5621279537452282,0.8848807533582796,0.7069119014066134,1.0,1.0,-2.970700565773514
-0.9606262929040057,0.07280093258427592,0.3729745860285747,0.31622063650319376,-1.0,1.0,-2.602998703751713
-0.019702977347775152,-1.0,-1.0,-0.8535688068426801,1.0,1.0,-0.6555886714707748
-1.0,-0.03433540713600958,-0.24345292620226122,-0.4502093941249248,1.0,0.886330236057546,5.694891593613342
-1.0,-1.0,-0.7050544321737788,-0.3714731693144504,-0.1052638404111188,0.8745293291112188,-1.3888098729114808
-0.7476746521605925,-0.6580845174294285,-0.01543966320534379,-1.0,-0.5083813882862807,-1.0,3.4596290351302597
0.282257228824334,-0.6130939236911755,-0.33304856596351057,1.0,-0.8236387049106653,-0.5877605663680647,1.5156997770248575
-0.11027885506965895,0.4792309757624089,-0.4869542634276383,-0.17618165853300422,0.5946235577111656,0.8911655051433082,4.677662068319042
0.34022635456413175,0.07248623722714798,1.0,1.0,0.3356139878106923,-0.052369141342609435,-1.5257101281519316
-0.7887070939629729,-1.0,0.4920939852762922,0.8798374643045088,-0.9120035903084238,-1.0,1.7828232662319816
1.0,-0.2252539676335994,-0.9834345915874497,-0.6928983203142804,1.0,1.0,-2.108839343158875
-0.25210540315583063,-1.0,0.11219156511046677,1.0,-1.0,-0.9121722822949845,3.7418695568592497
-1.0,-1.0,-1.0,-0.18424110291652762,-0.18465506191740788,-0.5754292869664961,-2.1629168713270404
0.9511052387250036,1.0,0.6686890975331643,0.6764467656006856,0.1522850215224757,-0.7628803890308201,1.797048371080809
-1.0,-0.5712169692046616,-1.0,-0.13921417889853527,0.8992951053172558,0.15492669062633468,-3.0239898179474873
-0.3662003830462466,-0.8994076653403933,-1.0,-0.5223441916478531,-0.7568169494245264,-1.0,2.4381083904794183
0.15497095336227362,0.6060566359033608,-0.22091163268621455,1.0,1.0,1.0,4.653117419890269
0.9462173042089324,0.39480002379438606,0.000507433985258432,1.0,-1.0,0.6111674171867244,4.160095918474991
-0.2871166482620462,0.1316453470075734,0.004219338718732202,-0.6405248588208817,0.4487399409237727,1.0,3.4329473219490882
-1.0,-1.0,-0.05340299201771215,-0.2545147708998669,-1.0,-0.6916884868409273,0.19183961724477844
-1.0,-1.0,-1.0,-0.1382411318225205,-0.980339032468368,0.33458080813005364,-5.392318860677037
-0.978858665945108,-1.0,1.0,-0.6809371717615191,-1.0,-0.623884345593821,4.71864467223859
-0.5855575755917302,-1.0,-0.5953399919701028,0.5011048063041115,-0.5315365186984407,-0.6267626683395522,-2.132533427740167
-1.0,-1.0,-0.08772555305837315,-0.9197612956400578,0.028246974353858367,-0.793310882334503,3.6196462433276606
-1.0,0.19697293413587474,-1.0,-0.8110696908486879,-0.015817163653232935,-0.334111047297591,-1.1776947593511804
0.1544646914961287,0.5817208312808582,0.5190928319918928,-0.5974514892223547,-0.33619657079668563,-0.22883428590437094,-0.042627492206595854
-1.0,-0.6186902007013355,-1.0,-0.6025256890350827,-1.0,-1.0,2.773681480149642
-1.0,-0.2454100450296634,0.9074207160343007,-0.5539429466058092,0.5796784374747483,0.4392514200366786,-1.2116396557314022
-1.0,-0.8303583289764663,-1.0,-0.666686743452934,-1.0,-1.0,3.2311781183158494
-0.41287631956558624,-0.24140782083995505,-1.0,-1.0,1.0,-1.0,4.966785483199288
0.5563150623254188,0.7866828025314005,1.0,0.09357164223665937,0.23812157673956047,-0.9490616123708023,-0.08901098433419305
0.3979779136078412,-0.36808293712780016,-0.18956778383385486,1.0,-1.0,-1.0,5.356747351067263
-0.1050743442609372,-0.8355124278518445,-0.854314541164273,0.7640648335858662,0.09064614558087603,0.46716364143559774,0.14986383519445778
-0.4222536118898397,-0.617518675256468,1.0,0.09757643279577954,-0.34895634362389205,-0.9474145457008188,2.894620575882248
0.059274888128226566,1.0,1.0,0.7308008947668949,0.23177330988779532,-1.0,-1.0677368305866923
-0.9327670293518993,0.7485600199966573,0.379817084799374,0.2694131429859665,1.0,0.08424224391783264,1.3951221344611182
-1.0,-0.13715126868878408,-0.7193903338487491,-0.9314095703209513,0.5276338461398219,0.5367652511718652,0.8787384143903672
1.0,0.9317778181474868,0.38117513005312087,0.8122942782880306,0.31338876740031346,0.4583181359484733,-1.56456240137689
1.0,-0.07052896894821403,1.0,-0.7341467757056789,-0.29476620132915965,-1.0,4.66176027753717
0.1751600841674198,-0.7600702236292889,-1.0,-1.0,-0.5396143872241699,0.8605259519909433,3.8079270261117917
-1.0,-0.24864784658612282,0.03750946855287496,0.48974903245274554,-0.38987558215919327,-1.0,1.6903928558576082
-0.9852205552507182,0.30680693188445446,0.23485755205782421,0.5427109799119344,0.4980287355512366,1.0,2.081440315464537
-0.2903429670264006,0.8353944386290353,-0.5631603250793601,1.0,0.1763531688251364,-0.700847582672403,0.6276703820590204
0.7996480003456133,-0.5448670692823565,0.7053447793124763,-0.4763373002362516,0.4834114609330765,-0.7104896503287054,1.6525172906170171
0.3437558180526127,0.8746162853470552,-1.0,0.8527100299107793,-0.2890042631361398,-1.0,4.4854373056904775
-0.8221635601691095,-0.7935288098396229,-0.25892812389584513,-1.0,0.3900435150704587,-0.7593175691243113,2.978421087044097
0.717362385621259,0.12696810237162687,-1.0,-1.0,-0.9179584236735048,0.8847816252976677,7.577614306313166
-0.6849047896960205,-0.4709087660842226,-0.16828354741556062,-0.8328959213086695,-0.9561371973938178,-0.010270800875818775,1.0627329156734464
0.2677848406971185,-0.591893468887303,0.691713428887444,1.0,0.8552423312096423,-0.7462652093054606,-0.3002389064139125
0.09642351141335281,-0.05005329825197391,0.560842762969773,0.23427419946041816,0.5240528485147603,0.7604706462166146,0.8745768510400261
0.37223978179587675,1.0,-0.23546004544511054,-0.5992828591226558,0.47742993545552426,0.5811880661536221,2.5959060804717096
-0.05034385335497171,-1.0,-1.0,-0.3904084425992307,-0.7848759032233958,0.031217413334169525,-2.6348352585666923
0.6893188197433933,-0.3832964583218611,0.4291713349806867,1.0,-1.0,1.0,6.353946429037318
1.0,-0.14325311528861784,1.0,0.653014914207614,0.2594161597861755,0.6172510392678682,-2.8448769436230124
-0.4763076223615908,0.1471334555909899,1.0,-0.4952773391956601,-0.6557048839189441,-1.0,0.4961394909138429
-1.0,-1.0,-1.0,-1.0,-0.0241800927464767,0.5023726551888308,-6.1787962769376
1.0,1.0,0.8975051787728907,0.25526642200706484,1.0,0.7950146132301711,-5.347490131452597
-0.07912367224563766,-0.6713746080863069,-0.5992284102036036,-0.8661504923686056,-1.0,-0.3481041637712712,2.6221222996975353
-0.050658467582083255,1.0,0.5346473557349797,0.836904880243073,0.6374804009766618,0.12275229033398477,-3.323880458060645
-0.3899624001246347,-0.35187069416580175,0.5212019500488119,0.721208713730753,-1.0,-0.9797041433680169,1.3475785271762326
0.2008803729442511,-0.26343887987358383,-0.3608163487033736,-0.606580098755915,-1.0,-0.29732505075051496,0.9206852377535768
-0.01606893864837089,0.7577155275429956,-0.6974574623211673,0.014719553459733692,-0.7052749306814925,1.0,7.989848266483713
1.0,0.42925106997174156,0.716073175890706,1.0,0.26067797826003825,-0.6661722511535109,1.1566025034932135
-0.5011423895185506,-1.0,-0.34927677411296787,0.1353624680060963,-0.1067470458648363,-0.6474310338053465,-0.0072566108781582095
1.0,-0.6729784250496682,-0.20877081742260417,-0.3458093967281805,-1.0,-0.6855220778553317,6.250374544961994
-1.0,-0.5102263296485472,-0.8400838979531486,0.16313769535971812,-0.5288760366627417,0.8513834926020134,0.78633472428738
0.08973595254616717,0.025937635662165837,0.20111246205692712,-1.0,-1.0,-0.8630736765549769,3.813711179182737
0.8805293835014477,1.0,0.2923627974149664,1.0,0.5621632166562542,-0.9039264447693874,2.1412675802873324
0.4866660535341313,0.46548411606304363,-0.3979862431892311,1.0,-1.0,-1.0,5.220305923000178
-0.6670365703252881,-1.0,1.0,-0.412650202275491,-1.0,0.4869529173007223,-0.39178180649255623
-0.5012149955474408,-1.0,0.04824708839792602,-1.0,-0.9986969266128116,-0.00800178585424649,4.038089420308689
-0.6510087386796115,-0.5440472796617551,-0.44124537686705073,1.0,-0.344038365837756,0.5715452040406948,-0.35804719166154664
-0.33295671726979914,-0.5842275921907868,-0.5973821384708945,0.6575580583448377,-0.07912241054067781,-0.22275508965260538,-1.6657318152108571
-1.0,-1.0,-0.9856211544370239,-0.10487578582626916,0.08350922140953343,-0.07576529877168725,-4.4352464803117835
-1.0,-0.852186221969503,-1.0,0.22205805864806835,1.0,1.0,5.515551975193715
0.7065408750438908,1.0,0.08882825071136269,0.24997616294685865,-0.5939590049622638,0.196837355130474,1.0283405571344946
-0.8283388528865616,-0.24016818446344512,-0.22449045021547542,-1.0,0.06617665145439394,0.8431598485166811,0.23130881736182096
0.8977112891964969,0.6603666543819123,0.5021009424076245,0.6695755994485075,-0.14122690142693128,-0.7243393061244079,1.824977807450419
0.42657763592757186,1.0,1.0,0.197076524558371,0.3741847873454045,0.8241010224396059,-3.4712925866139517
1.0,-0.8115717098627747,0.8911486340746251,0.4751524788688699,-0.8775851978137432,-1.0,10.706597762926663
1.0,0.5444839880100791,-0.24603228038575398,-0.12320044284326712,-0.6629296591870564,0.7490425231892925,4.146782442819457
0.8244300936883466,0.32911393063658256,-0.4545423510910779,-1.0,0.6541486724081322,-0.20570252833903224,-0.30288415734358565
-1.0,-0.01528095131894669,-1.0,-0.5380787383975777,-1.0,-0.4839335067039531,-2.176970047384967
-0.22241817433020927,0.40064004966880395,-0.2049978801512159,-0.4273777326365158,0.1812258661706626,0.9386939393241738,4.134811470794466
-0.9540479441210038,-0.22418894798460853,-0.6921198209734579,-0.842231478743974,-0.9792050525799525,0.5762347272471162,0.2880646791290604
0.11904437373254492,-0.12855241131073325,-0.20898582372375457,-1.0,-0.9754989232890552,-1.0,3.9060258150667
-1.0,-0.8535548553964922,-0.4850426868304245,-1.0,0.8842239434389809,1.0,1.4111973577532262
-1.0,-1.0,-0.9779523390453663,-1.0,1.0,-0.04688799405795452,-7.194149337213056
0.5086970942955595,1.0,-0.7669590367615484,0.26275431809299205,1.0,1.0,6.254502568732084
-1.0,-1.0,-1.0,-0.7986293192247851,0.3257757471524393,0.42149341809913166,-6.082135670668952
-1.0,-0.8564477237073254,-0.6520126500734893,-0.15580354729251855,-0.80252610313746,-0.05591051849306461,-2.694406743577099
1.0,-0.7801906609816356,0.9859833985657124,0.5079881168578672,-1.0,-1.0,10.668012422468424
-0.24557484165738241,-1.0,-0.008528852657448627,-0.43421631233168423,-1.0,-1.0,4.372995287012045
1.0,0.19056448907490597,-0.011646407071940312,0.07026126476734518,-0.20104004329969527,-0.46775816933370296,1.8259145399344592
-0.589097640934584,-1.0,-0.3767639745371848,-1.0,-0.2118587211748332,-1.0,4.3947037149978
1.0,0.23278800389307008,1.0,1.0,0.2476108073298836,0.5153174228166247,-3.379738689317613
1.0,1.0,0.33487323834648075,1.0,-1.0,-0.8524157627735922,9.476549231653188
1.0,1.0,1.0,0.7628487030840359,-0.9066436470372998,-0.720055636152229,5.356938293839792
0.6415113711326634,0.30935755931282477,0.2222084988239072,1.0,-0.8148703639461072,0.6291886773228156,2.668143007412145
-0.8049274363706448,0.07780330605061392,-0.3924419005299197,-1.0,-1.0,-0.1687845229908274,-0.6190560072557955
0.7083263025871389,0.5354270468722375,0.14430286628488553,1.0,0.8981722925720232,-0.6896317711119053,0.060377016823149866
-0.681103255253964,-0.13453449707730747,-1.0,-0.4214897757013971,1.0,-0.2763627132868327,-0.10934882042273403
1.0,0.8365339020733432,0.7610599813999659,0.9301339392049522,0.4153235779356336,0.4780312146766008,-3.6067236595816077
-0.40070788327900914,0.7143810368845509,-0.3485128345973294,-0.6712721792116055,0.9142967383360224,0.893721798278017,6.927550214562991
-1.0,-1.0,0.31533222172538,-1.0,-1.0,-0.7890558125418516,6.6384366880892625
-0.6042429573079722,0.09822123911074832,0.14016152502898216,0.9907846180014397,0.1983927129362173,0.06480647146449892,0.5183378486770512
0.8387843155893064,0.9823141068698811,0.49159878177791067,1.0,-1.0,-0.26989790911839906,5.157100659106529
-1.0,-1.0,-0.06784862893290733,0.6189151865693996,-0.5913465299852229,-0.040416619509369554,-1.5090093897399521
1.0,1.0,1.0,1.0,1.0,0.11054521246512938,-8.102261820870151
-0.3425156464161389,0.20222134723473822,0.7844794855689735,1.0,-1.0,-1.0,0.4637366962538958
0.03343170489461195,-0.20408531825657833,-1.0,-1.0,-0.554545534388177,0.08395319073380092,-0.7640536043107816
0.3721338469155943,0.10273073614952624,-0.5495998464218546,1.0,-1.0,-1.0,4.163604544614972
0.22369384050619057,1.0,0.5243434831497731,0.1322995961999942,-0.6598615976762161,-0.04348717675349878,-1.6711136283370798
0.34979085479460315,1.0,0.002250378755481286,1.0,0.5017255778068925,1.0,2.2308290701030566
-0.6894947590241562,-0.013114478443323918,0.9027341927215847,0.7144366919839661,-0.4497595170795339,0.5030838177304956,-2.089733296542561
-0.2503080902383659,1.0,0.4037928443267631,0.9840364124764988,-1.0,-1.0,3.455137088386134
-0.8334345948752951,0.3242875077674342,0.7660495265097345,-1.0,0.39267248733632365,-1.0,1.898566884365314
-0.602755785021748,-0.4865162033502518,0.8157144652547814,-0.7208644011601218,-1.0,-0.6849707247837029,0.3452014840445524
-0.36027711274988355,-1.0,-0.6447644671013288,0.08993225770463026,-0.40134894035861435,-0.7686984714785313,0.018586130226344477
-0.5966335236434663,-1.0,0.15945416140870458,-1.0,0.8122351798028803,-0.02527379988307188,1.3541343966023767
-1.0,-1.0,-0.9368064418469555,0.02182766331918007,0.09101169518493335,-0.26762484384902574,-3.2272890699494186
1.0,1.0,0.06306049131536984,0.059482890385705534,-0.6454447573979971,-0.35171489250598326,2.479684301147539
0.5657203824658632,0.4264813946488424,0.4763640024101492,1.0,-0.9341721087225348,-1.0,6.724258590094469
-0.845615368519796,0.1684345594839015,-0.11499042080488708,-0.2931382012174565,-0.5126832645614949,-0.5357801679081524,-0.5783502867269287
-0.2660758240442802,0.5504257895826068,0.6860306182114138,0.4519903122084259,0.6004867594938961,0.3828919423538274,-0.5101807723911543
-1.0,-1.0,-0.3056127985874125,-1.0,0.18020021642488104,-1.0,5.213971732949386
-0.09511924662065596,0.35487004357053276,-0.40508778372862386,0.12328245846627517,0.5238258709218342,-0.45976837961826766,0.4864402994971028
0.13026949457618364,0.8940795758398257,1.0,1.0,-1.0,1.0,-2.3173904916195465
0.08496229232624453,-1.0,-0.9296762400991234,-0.3141412461199753,0.3523038244653758,-0.3775610943203746,-2.1694998651164923
-0.951216996325956,-1.0,-1.0,-0.12019815130472744,-0.6288716316195739,1.0,1.1227478384627494
0.26253839264494994,-0.9764563505992481,-0.1900392287759083,0.2528390844199912,-0.144429582365032,-0.34714617311155194,0.12692277866393284
-0.4989742690241093,-0.3407049106266393,-0.11136628869619614,-0.8807938553926126,-0.6708889834989598,-1.0,1.8131235074867733
-0.5731391610010028,-0.2983092682879346,0.288672439222481,0.6024544396515047,0.1279111580092238,-0.5525751059355237,1.2075645776561694
1.0,0.38710940826646817,0.5714184654225991,0.15784026932228312,0.09448170635692686,-0.8819743273674305,3.2900881733650396
1.0,0.3082995457718579,-0.024606995617061783,0.05298796954414198,0.9121413192062866,-0.15976025723914444,-1.6803562445751798
-1.0,-0.10721130833156112,-1.0,-0.7481842792023756,-0.807375136331528,-0.0016319177327992485,-2.9000594649059637
-0.9712222376425111,0.3518992340776572,-0.46434974996709644,0.28678009991062725,0.20412526696171204,-0.061330458208034955,-0.2616014082566386
-0.6345780372368262,1.0,0.15085275709473034,-0.3328949770601668,-0.41947527456083966,-1.0,-0.21678048382354037
0.6544321108490033,-1.0,-0.5684984494161279,-0.3572131295121672,-0.7690162762316766,-0.9542904371865851,4.878777024844635
0.1410057806300871,0.3716123601611992,0.7765689754804798,-0.2055371968651577,0.5542433027556056,0.9369827826812485,-0.3034968905088803
1.0,0.8133797894813306,0.09709659275002713,0.7899933509136148,0.504155922225082,0.23069375956705762,-1.0194107160401544
-1.0,-0.023053902975844975,-1.0,-0.7602449532781665,0.7690542274633456,1.0,8.239175877353691
1.0,1.0,1.0,0.4590187355890807,-0.9817003922171152,-0.08092664140324629,2.0167249936398006
0.7843473260957843,-0.9996676883841484,0.8394463288333264,0.28274840557329983,0.15793059928866585,0.3963112018486543,1.0548979091380388
-0.7483357374355909,-0.9637122552944469,-0.5857500401077644,-1.0,-1.0,-0.18925417639397857,1.4492674378918091
-1.0,-1.0,-1.0,-0.3586125161281064,0.6180449458755819,1.0,1.6637813273899476
-1.0,-1.0,0.19037490843459437,-0.01651855290370441,-1.0,0.3226043904810394,-1.629266380076617
-1.0,-1.0,-1.0,-1.0,0.4109804180911344,0.4160102277932406,-7.6243006026542455
0.3615233387926315,0.2651296417937328,1.0,0.04237200022918264,0.5315787642771514,0.0527472016958582,-1.1824114540244475
0.08436317443847419,0.9653431495296139,-0.6789929826968801,0.5534840896226216,-0.09283763926496413,-1.0,3.5295419653541744
-0.7659648457378798,0.05567542838941908,-0.8317917309807874,0.04687676182268352,-0.8058678726152217,-0.9165410734676451,0.744447947375654
-1.0,-1.0,-0.2969267386220926,-0.16063245898971867,0.6717383547283411,0.13432447269017533,-0.518553885977593
1.0,0.4089268123390186,0.0023702517155108627,1.0,0.278466569045664,-1.0,3.128102428869605
-0.47504250804906945,1.0,-0.0036785453448131,0.5289926043616539,-1.0,0.7133492630674942,0.1210134971341292
0.5722830361671265,0.9274139767539595,1.0,0.9953436734813459,0.8753524504966018,0.5651259207607378,-7.742489069253771
-0.7096852298925914,-0.13021100451878717,0.1904264663928552,0.2669196226502324,1.0,0.1853698322105033,1.9729069162187698
0.8757614398627491,0.008251354430621416,1.0,1.0,-1.0,0.19858608675762607,2.6286497419030304
0.10503190231502124,-1.0,-0.7896048541496905,0.6564182374084906,0.7367241143746351,-0.059043164940569604,-2.779057986295963
-0.5592653664534231,0.25882206729284607,-0.17572223817485083,0.8552944160152961,-0.7600128391373631,-1.0,1.3130890392808034
1.0,1.0,0.07545224747195084,1.0,-0.003592266245709075,-1.0,6.1938901936997
-1.0,-0.3479563556086416,-0.5185669572577991,-0.5147891012981336,0.1299537374235058,0.1927342334863523,0.3283341939747857
0.020164182770800232,-0.3131608192429923,0.1704564269058472,0.8505980390800131,-1.0,-0.2367917190623816,1.2504665753960498
-0.028535295021431928,0.8125086168816272,-0.0470446882907348,0.6233658618534298,1.0,-1.0,0.52355213611149
-0.8003866543614304,-0.7760430017422377,0.673259729901879,0.6383640965611319,1.0,0.226517343721375,1.0140568810702926
-1.0,-0.7632395435724907,-0.736345270030235,-1.0,-0.6712837569513684,0.7914338066871576,-1.2291613692604728
1.0,0.2807784523366146,0.8714915029786561,0.5742981861272114,-1.0,-0.41326970620398273,5.0632574085451
-0.7383246567820562,-0.7522757473738634,-1.0,-0.38869966095806247,0.7358656908270904,0.6487541210315125,-0.3807502023610234
0.7380536209568679,-1.0,0.8423333533626314,-0.4211612800541746,-0.2782945667395961,0.457979544141524,2.358338315413589
-1.0,-0.43669670466258126,-0.3297247627455478,-1.0,-0.6305369422420009,-1.0,3.3832726296218585
-0.5129164325115536,0.5465733012077751,-0.5200883679757986,0.11348819213614125,1.0,-0.29700334701201,1.4327000460071186
-1.0,0.6022628461222269,-0.33450189987978995,-0.6053090099196465,-0.988658666282414,-0.06299182980074147,-1.5675984898328745
1.0,1.0,-0.03712398897703206,1.0,0.6150073621186471,1.0,0.8180295315191205
0.3170787890086646,0.7085472981368579,1.0,0.583915829894564,0.6376413190910077,-1.0,-0.3082835203311082
-0.7449679751816998,-0.3106631038427377,-0.2552503603533554,-0.3357728418264132,-0.32599100288871563,-0.705474573909496,0.5298813223349026
-0.10580740886558554,-0.13114550669479288,0.8552117333668946,0.1406685512733199,-0.004556004729582841,-0.1477082192297352,0.5493867018172491
-0.9492053190621197,0.4237914429068848,0.600832797561415,1.0,0.611277943713281,-1.0,2.1898807820392596
0.40539597664461835,1.0,0.7093041697992027,-0.3235488971490562,1.0,0.6397826980325294,-1.2127831261828104
-0.7854853443739296,-0.31930898920299194,0.05941686688762417,-1.0,0.6463719359590809,-0.7321765358210519,4.5775931755760135
0.6977057020492485,1.0,0.02480529783968266,1.0,-0.25368688365822545,0.4039573304368903,1.8753565352799986
0.4520453691625734,0.18420872684527254,-0.6377013209915331,-0.0522006539529728,-0.12536660424641033,-0.6885333544888566,1.9978913492830435
-0.17583190093196993,1.0,0.11053758463702396,0.6940978197344293,-1.0,-0.652596977921873,1.0210271498541645
-0.5631242945116938,-1.0,0.28838925620567635,1.0,-1.0,-1.0,1.8539887196510654
0.896449496466889,-0.10132384067721462,0.056052885069845515,0.24675378654586266,-0.10315551331870504,-0.3613903608240885,0.5729594363925321
0.5648567939370321,0.10168417226617643,-0.38743168919426363,0.7665357581334772,-0.030909327209988624,-0.03215402929222402,0.24688475310042302
-0.9356024419437021,-0.3334267782071465,0.09762330668846808,-0.3956261973581905,-0.667957743732452,-0.3887117486590104,-0.5486389438741153
-0.017424594517568948,0.327443180448468,0.5786415719060234,0.5862536065919465,-0.45392218180202537,-0.0011189915417346707,-0.12991377672498777
-1.0,0.11115831758539246,-0.15276810805235808,0.6293572545162012,-0.31908460499015945,0.6996108052799412,-0.7330029498818079
0.8674915898899138,-0.11925804886328856,-0.05198127889819129,0.3342798746282901,1.0,1.0,0.08250765542655814
-0.5836737330432379,0.5041716859171522,-1.0,-0.8723248813411233,-0.34703299916168895,0.3136404737844669,0.8865189500630892
-1.0,-0.10655934209869658,-1.0,0.4289720111934793,-0.3632332594366789,-1.0,5.570262784245788
0.05775306039831485,0.10567510893799004,-0.0927802313709082,0.41690134007220825,-1.0,-0.5470053216410495,1.6512325860017252
-0.31879629767382134,-1.0,-1.0,-1.0,1.0,-0.2794641653941794,-4.537397507108838
-1.0,-0.5683581434396612,-0.4896781947543921,-0.13506878662291882,-0.46848501667300857,-0.6550018266014636,0.6120142177709755
0.6841508088760822,-0.533183881520196,0.19526615534514202,-0.3328692817149443,-1.0,-0.2363090441197072,3.750236972620551
-0.007976964602842692,-0.24765817764790227,0.3381720074819397,-0.568973309374976,1.0,1.0,1.3885471583519666
0.7318736139872266,0.9487880917258678,0.5804171471763799,1.0,-1.0,-1.0,8.332727058422728
1.0,0.4418053097016297,1.0,1.0,0.3689294585054961,1.0,-4.853327161321673
-1.0,-0.810524077520484,-0.6322112362837463,-1.0,-0.11132429368387275,-1.0,4.504250878613279
-0.5118651657177282,-1.0,-1.0,-0.12020439130953453,0.2441872966952196,0.8274032730631007,0.8472832049702184
1.0,1.0,0.9457056189898758,0.04744660222628849,0.339288565957784,1.0,-3.8147441287041914
1.0,0.42354343661128224,1.0,-0.42125284880414643,-0.6081179173141906,-0.6300239996271509,4.38165548295941
-1.0,-1.0,0.4487621537270741,-0.8365795977519652,-0.6078187721296475,-0.1705183938133148,0.779505432967492
-1.0,-1.0,-0.6740663427907129,-1.0,0.9310624051662283,0.7492082847496842,-2.361722088031871
1.0,0.3653691805014452,0.029351452959184066,0.44659024985257245,-0.8700673097697988,-0.3948577149624868,3.0088519867491463
-0.9329957949474837,0.09043314961292648,-0.7723302025393731,-0.29893249254482823,-0.6752782440655575,0.8709997745830769,2.6075040391714417
-0.9080736392447087,-0.07135272432998774,0.37138626009016956,-0.5721443891846218,1.0,0.8243872680514743,3.4564344189801854
0.8192337397598182,1.0,1.0,-0.28275206274565806,-0.8983312292037782,0.41327929455331036,-0.5315282598157821
0.19896933906377734,-0.560377953808658,1.0,-0.6664894098142169,-1.0,-0.07438679361217587,2.528680301051135
-0.34744936454761177,-0.7541487370784685,-1.0,-0.07997335550494267,0.6181875135706888,0.12459848513224642,-0.7688316097447206
-0.11177586918157367,-1.0,0.7364978658791739,-0.7574073374308694,-0.14911137771644312,-0.6467849600884832,5.057302604655719
-0.21934002547807263,-0.18322690716551815,-0.9133854789163838,-0.18362096319773524,-0.9821980468445901,0.41367788915840703,-0.057152056467417264
0.04281727741186431,-0.11305974490632087,0.25576153892609216,1.0,-1.0,1.0,2.961395514367061
0.2631802865482384,-0.5321617960555232,1.0,0.4160095382057354,1.0,-0.15962001301928594,-1.0807851612755912
0.4778149319513717,0.11481541896896891,0.6150535891627721,-0.311255939887068,0.987573059253006,-0.052632594179379266,-1.4278179049417385
-1.0,-0.4852984240536951,-1.0,0.03309480000871723,0.5112473689549452,1.0,6.953577544152194
-0.8493875123180294,-0.842964483363434,0.29867683180820387,0.3947363841275014,-1.0,-0.9947521512617358,1.4409962722434093
0.12193389671945602,1.0,0.1617768505478291,1.0,0.3605864219991687,-0.11402551350284973,-1.014375016040053
0.5442918895126881,-1.0,-0.7395791451659647,-1.0,1.0,0.5834570113693747,-3.8826735721942134
-0.6838403593868716,-1.0,0.1321815304426931,-0.0929356970251074,0.6126626170328859,1.0,2.059079299235357
0.23910830818391834,0.25692771352333504,-0.17516708068761921,0.7325569378214087,-1.0,-1.0,2.7854383480703495
-1.0,-0.2503302575835853,0.8010158087974608,-1.0,-0.6462965606995816,-0.3100693222583837,-0.45859927940021117
-0.2716155639271436,-0.012765714482153911,-0.049361630148231084,-0.8272515551365266,-0.28538748484162135,0.1756877200553506,0.47177916367940437
-1.0,-0.9757499298995498,-1.0,-0.10334449090600994,1.0,0.5019846141536914,-3.163409920941087
1.0,0.17273735542026336,0.7373968724885172,0.6573899509599663,-0.1266464736045913,0.9231933157295475,-0.17450569387876858
0.6082330077139844,1.0,1.0,1.0,0.8840199721878099,-0.2202454183953354,-5.7182332656739465
-0.8427047337953607,-0.9060285990594976,-0.7668079628330257,-0.05313617399746129,0.7856926529146089,-0.16383850131553596,-0.5751969904999679
0.619682113754842,0.45063124789711134,-0.9005371750901691,-0.681888142201212,0.6568883954415701,1.0,4.468748220011688
0.034863530101343465,1.0,0.3850061774080196,-0.05687802977007039,0.4968362015672143,1.0,2.746764158547458
0.9644347316003445,0.7627719173498333,1.0,0.42059860205598176,-0.40482861449063484,1.0,-0.45793182633603235
0.1794967170018772,0.5013888030949064,-0.46551441535172683,-1.0,0.2352196346726141,0.06104492706443371,-0.507526982609009
-1.0,-1.0,-1.0,-0.3059741366702222,-0.7054512216651592,-0.3141675462912197,-4.864635127787562
-1.0,-1.0,-0.1300525416070092,-0.25325387828226853,-1.0,-1.0,1.3351843936120533
1.0,0.43168816792410825,1.0,0.6493461783291445,0.11830532887106537,-0.27096147533702386,0.748947888665027
0.3558168647017473,0.08471705291383799,-1.0,0.20807379526002626,-0.2720272409146429,0.4795400061100544,1.2372151725983471
-0.27175936903716114,-1.0,0.0013660328621731832,-1.0,-0.39806106793477114,-0.9414743380393875,5.496691963297125
-1.0,0.04323803113806113,-0.352560121723809,-1.0,1.0,0.43114273883954446,4.748766497353757
0.5174309802567577,-0.8616072516072492,0.3577859503176963,-1.0,-0.8826700746952936,-0.7898765132126608,10.017759473224245
-0.8443386176096571,-0.15050359694723425,0.373976632948449,-0.1640267381286833,1.0,0.8772882252175214,2.694036327423481
0.41766393577066263,0.05317495829051566,1.0,0.5673455903611226,1.0,0.09112101673705886,-2.56273817687956
-1.0,-0.7588554827593841,-0.08589934570743706,-0.13392539599404207,-1.0,0.8986638436113126,-2.088888715662151
-1.0,-0.7387749097714233,-1.0,-0.6409102899885444,-0.7232089539276977,-0.957888091692291,3.742322188887136
-1.0,-0.7126257060890121,-0.09424230296888791,0.6687005332792139,1.0,-0.8065754112958059,4.5397797296564155
-0.2571343406265917,1.0,0.6600995242465952,0.5056899915219948,-0.532620161657647,0.5138978232192537,-1.733899122493341
-1.0,-0.04164951380033133,-1.0,-0.14096404192893697,-1.0,-1.0,1.4663634788461755
1.0,1.0,1.0,-0.023780363807774457,1.0,0.3890661007392151,-4.4826463169347965
0.15772603252547146,-1.0,-0.06019443393637747,-1.0,0.14923330332494114,-1.0,6.189406206428585
1.0,0.9601041776441426,1.0,0.19868988014411046,0.5207192221494958,1.0,-5.930786125869359
1.0,1.0,0.5277526105730929,1.0,-0.10665432113660833,-0.8355892085281363,4.823633438844763
-0.6096904760021582,0.8530023679558284,-0.29808719197607186,0.9324236704181497,-0.4783748858861837,-1.0,3.7499319377706297
1.0,-1.0,0.047719300406096676,0.9413983279635119,0.788176678093522,-0.23396482351278625,-1.6133316524651145
0.9094558879688956,0.18143620039081038,0.9524283142932835,0.7403150397996566,-0.24010589814292582,-0.4983854280759755,2.6727749074431273
-0.9527202771091277,-1.0,-0.601292543143141,-0.12161216327981544,-0.8047881114881625,-1.0,0.42050459997452916
-0.6447223017488226,0.41708071976190864,-0.5195286084351262,0.0012220905237875501,1.0,0.39494577288942695,1.5931061327123703
-0.5526574274384695,0.15436228231378257,-0.1587853723513728,-1.0,-0.08001008487635253,-0.1377936520455123,-0.29341832291380776
1.0,1.0,1.0,1.0,0.4736361943564822,1.0,-7.881643794801563
-1.0,-1.0,-0.9976185861608667,-0.3191800814902771,-1.0,-1.0,0.9351417355080737
1.0,0.8772355047145068,1.0,0.47094185099272956,0.5738513293275522,0.8977833638995312,-6.292895561270365
0.1614741855851961,0.2645802562377191,-1.0,-1.0,-1.0,-1.0,0.4954685501692017
-0.270028475229509,0.7253223260165484,0.1530560503861209,-0.6128960599840112,1.0,0.13398187263419015,1.813732062414673
-0.35998089066020267,-1.0,-0.9261935995020241,-1.0,-0.8560228733640033,-0.022332452880676645,-0.9002319510372533
1.0,1.0,1.0,0.5150357077780017,-1.0,-0.5395918769064477,4.065293477529469
-0.40301804211637615,-1.0,-0.18234677419624212,-1.0,0.20344031635649623,0.944788054743909,-2.3180677193800308
0.7997071827965189,1.0,-0.6575693928380177,1.0,0.4548571674181865,0.3857530579088546,0.9734281757993936
1.0,-0.7413658308383095,0.2728157593135321,0.5567823414538854,-0.6969747340366215,-0.7488730986224647,7.281892787636487
0.5937478139961748,-0.0381274864395951,1.0,0.8948551688911338,0.13088219548331528,0.28516657166207704,-1.236908488208189
-1.0,-0.04192347165181798,-0.37530021386843093,-0.7474048828545674,0.6879967623659184,0.38011096880989004,2.502408642210999
-1.0,-0.5280036176650668,-1.0,-1.0,0.032103329986209905,0.11320088442053344,-3.3305254943683993
0.2268475617910241,0.03593277138988643,-1.0,-0.33043411887919305,0.8936851822839957,1.0,5.030613204117446
0.6271996142347057,-1.0,0.3538817174800016,0.9931236686323657,-0.028041774192625546,0.5672531726799358,2.3494879262932984
-0.6242454543822181,-1.0,-0.07626323306967678,-0.9745147550613964,-1.0,-1.0,7.015643561939554
0.7462298506576805,-0.27176030686775227,1.0,0.9272261573848269,0.21742426704802453,1.0,-3.2418361673500478
-0.09238088821976681,0.9186053489514648,0.23246724223569049,-0.5358500047951592,-0.06581412214353301,0.39371924414210424,0.07168897690630782
-0.1454236881806923,-0.0005264729986793615,-1.0,-1.0,-1.0,-0.7212314598324738,0.038455346124468215
0.161283115122824,-0.3236723397474893,-0.710722337740814,-0.14017705186589247,0.0003585047915920514,1.0,3.49138281206346
-0.8433362371517976,-0.6698419437528147,0.17299092111247893,-0.9836696269531208,1.0,1.0,4.464868015051877
-0.5315705958312614,-1.0,-0.3592127788961066,-0.9834972832233557,0.43829814907759124,0.8271050337889636,-2.416032772427969
-1.0,-1.0,-1.0,-0.14671027832307104,-1.0,-1.0,0.8400401866072406
-0.7227421197533572,0.2831292598618712,-0.41467647998694324,-0.3175704809237846,-0.4229931785875999,0.7037925708130346,0.49349405244589495
1.0,1.0,-0.20197641708085023,-0.28862623712344293,0.28078989935914084,-1.0,1.7656499932253655
0.3200493366605187,1.0,-0.054548426210403705,1.0,1.0,0.8821206558777257,2.173158406767332
0.874626130119166,1.0,0.6654837502057053,0.7079026323450979,0.5938387987814594,-0.29345737083968254,-2.7258348624089135
0.9028752863295358,0.8627692390717266,-0.18689720014504976,-0.6816987027997328,-1.0,-0.40080095239922275,5.2571194729196575
-0.6698489333901767,-1.0,-0.6211030404667612,-0.016904591784928424,0.24634158409518225,0.7128832228158561,-0.19429656320643646
-1.0,-1.0,0.05958285938073593,-0.9546198362769855,0.2830221961087438,0.6134802599361617,-2.5204463945628537
1.0,1.0,1.0,1.0,-1.0,-0.5454133702939614,5.2070049491232115
0.8803657719537349,-0.6173324272535406,-0.2695636944291025,1.0,-0.5111972440368103,0.057559248285564246,2.8850981610670563
-0.5519370106418932,-0.6289220987113237,0.8931265567565281,-0.7476113931608243,1.0,-0.855438901501566,4.495717854964002
-1.0,-1.0,-0.8008247963845446,-0.019577985594498637,0.033316808147792795,1.0,2.185454347805041
1.0,0.9285816518427419,1.0,1.0,-1.0,-0.01847829238077825,3.816772739413565
-0.8707491891540797,-0.7701003186800925,-0.882536651255863,-1.0,0.44609120975566063,-0.6897878371568451,0.3406560200317647
-0.4055220621768054,-0.8767929565967978,0.5010846336473648,-1.0,-0.09522145826067613,0.19777948277317314,0.0034960412983653377
-0.378796356453618,-0.21813764367517596,-1.0,0.4134099013568421,-1.0,0.2889981714572139,-1.820413494890237
0.7407425434893778,1.0,-0.5719532325139473,-0.3026103635416017,0.8733726020747782,-1.0,-0.15730653537633835
1.0,-0.2969585546471172,-0.9664970946435606,-0.23751558665591882,0.9115949839948683,0.9738972855771094,-1.7449741479452183
-0.5508414354705137,0.06558125517052793,-0.3838066817597283,-1.0,0.27551943832500575,1.0,3.6319892800376956
1.0,0.26656302620220895,1.0,1.0,-0.1719497502122289,0.7118789154604607,-2.0127804837088803
-1.0,0.033290972319372836,-0.37144508864718384,-0.8480516234525859,1.0,0.9159391775553345,5.893058736171267
-0.540041600657033,-1.0,-0.6030362442159665,-1.0,-1.0,-1.0,5.33799298369459
0.38015359701306906,-1.0,-1.0,1.0,-0.5099974414057271,1.0,4.94968006401814
-0.21568145349812878,0.705451454709235,-0.09305435908558646,-1.0,-1.0,-0.4560549852763367,1.909466192539684
-0.15115173814180016,-0.041885286486491535,0.5782136893519746,-0.1718211050914754,1.0,0.3399704844320749,0.02332098738594665
-1.0,-0.009511329602197804,-1.0,-0.9688119777031482,-0.032407669182275334,1.0,5.823750774997366
0.8819661790296937,-0.8647615609791466,-0.13299658556076616,1.0,1.0,1.0,0.9719431960145892
0.8617919353525634,1.0,0.8733748018034417,0.6533636105774927,-0.11582896259401637,0.8343559495498744,-2.1157936133395396
-1.0,0.37950660242453893,-1.0,0.7566808871633538,0.9784259888714464,1.0,11.339238220996737
-1.0,-0.7786112887403367,-0.8915860633321728,-0.9635147754669673,0.9935921942289649,0.8618917759731646,0.6917735946869048
-0.814535328843883,-1.0,-1.0,-0.42197320893615675,0.5032377894303586,-0.5307233221501289,-1.6830619061290861
-0.5626141549660407,-1.0,-1.0,-0.7674884348327985,-1.0,0.9411304137983084,2.2920924966331446
1.0,0.8836066282136845,-1.0,-0.7322507146086086,-1.0,-0.32949842874344804,5.3164696826804665
-1.0,0.12312510216231864,-1.0,-1.0,-0.22032487346140162,0.48991235643997305,0.342513789952617
-0.3989443104966535,-1.0,0.9856399108665693,0.05009510223576673,0.5195904735965953,0.9378791625509746,0.7190187724402697
1.0,0.7862901767202831,-1.0,0.8588757574377927,0.07404735541551458,-0.41278096628652927,0.5803964145572666
0.17264580973960575,0.25875557935239674,0.9152029285319973,1.0,0.4432700043976536,1.0,-2.1958677948628655
-0.6115946708087963,-1.0,0.6879304158428026,0.44601771906725274,-0.8472097748083853,-0.2626235854155098,0.7833487754609572
-0.19703249626907732,-0.03377101309112285,0.584176086976025,0.5936290199689096,0.022405977723587878,-0.4110493124572505,-0.07236590865524972
-0.6260229591727297,0.5331001391919801,-0.9436583993151173,-1.0,0.18106188329447903,0.7077263027334706,3.595922759662491
-0.09764887358525323,0.4049271269527909,0.795974983775892,-0.41587344526575004,0.2947220648282163,0.11384827378209095,-0.9227496074955964
0.20824347268691312,-0.24668030326763696,0.7304854642415973,0.12400408278334285,-0.6345350470916213,0.6779204575298382,-0.2359244658066544
-0.5835339334545688,-0.8591272569301164,0.14228514458011887,-0.3254595921227208,-1.0,-0.21943142730838028,0.6867871754724159
1.0,1.0,0.2171003215578703,0.521938110307268,0.4494033954340171,0.716628483083893,-1.1749234361922318
0.2004787399860405,0.5949218615865526,0.4578696827361175,-0.8366843296339336,-0.23115025435025638,1.0,3.0488786857054286
0.9794496486876578,1.0,0.22284793777279832,1.0,-0.43722499323561137,0.48342173132938704,1.720833689325155
-0.26172428112382207,-0.7561753270185951,0.18171352481637987,-1.0,0.9313212388039958,-0.013867040934448571,2.0167691963981262
-0.21331226976412043,-0.76188050419369,-0.5943694596523469,-0.060873799523308736,0.8416671562601089,0.7251898228859748,1.422006796133407
1.0,0.7802860192356786,1.0,1.0,0.28555837678863155,1.0,-5.982792564730757
-0.10593313087494399,0.5103372370488571,-0.699805357151537,1.0,-0.8620145836504355,-1.0,2.132555711083646
-1.0,-0.5326744675112401,-0.8339071893337238,0.7622461019962554,-0.24513503023649852,0.7139876680794461,0.143818947465518
0.6304856998932273,1.0,0.6474328507900605,0.041204354918713104,0.3892698077139334,-0.757092327019016,-1.2061540663193688
1.0,0.7724255995003786,-0.09331908774031614,-0.6192796756665593,0.7058852647905576,0.7523651857584127,0.21134962347081987
-0.5876148760478555,-0.7409039424664852,-1.0,-1.0,0.9897728816428103,1.0,3.056856747576711
-0.5028473385694725,-0.00873294115391865,1.0,-0.9484059831011507,0.4443893954716968,1.0,-1.9477440064375648
0.028222036363449332,0.5316214015971475,-0.12837088415323905,0.7035130114659044,1.0,-0.5309627389402733,0.39447141024999394
-0.9108135261503827,-0.4562054978104706,-1.0,-1.0,-1.0,0.18121292506538367,-1.9467550923190555
0.32471693902510923,0.3270193064876952,1.0,0.02645194628049974,0.02336853673147088,1.0,-0.6873196084635831
0.801251062821895,0.694761585695272,0.41571222896857996,-0.1832028615658154,-0.5855727105206627,-0.8254184300089085,4.026674719361548
-1.0,-1.0,-1.0,-1.0,0.4344662750957843,-0.10838467063747625,-7.226811973850263
-1.0,-0.15662947014826734,0.07860156192657602,-1.0,0.06978438974533108,-0.5937110432234176,1.7543936441204717
0.16271515393038888,-0.7539307737298646,-0.8051605031824763,-0.15357532783395877,-0.9418365428748329,0.8779008635988267,2.1550791559293287
0.7071369491611901,1.0,1.0,1.0,1.0,1.0,-7.438577651497198
0.1839838059982101,-0.49991022159947296,-1.0,-0.9141208829999105,-0.5280794370569891,-0.39955328759173503,0.5809451007161524
-0.5278381116188742,-0.28775419446029193,-1.0,-0.7986870468777283,1.0,-1.0,4.751923225415816
0.7795761083859742,0.2784305431322014,0.1250498377936189,0.30818898263544425,0.2737170162150871,-0.7373655377740637,1.7017788819464186
-0.32921998711289036,-0.8387266339604524,-1.0,0.47442129675225486,-0.9149370735673915,0.5102739321987724,-0.6291435468230827
-1.0,-0.5193433083169089,-0.08403306467463822,-0.835621144737545,-0.2879980194829319,0.35223227232657695,-1.930725989066226
-1.0,-1.0,-0.022473476865319864,-1.0,-0.9309263373671424,-1.0,5.955451569558941
-0.11449655879329801,1.0,0.664732555864226,1.0,0.242374277530866,-0.6528321577733464,-0.4521788048332771
-0.8178720322404598,-1.0,-0.36129834303735775,-0.25670206889365743,0.28456833539753745,-1.0,4.62531589110288
-0.5898170237238942,-1.0,-1.0,-1.0,0.19244412158285407,0.11342114196695219,-6.018171932791716
-0.09297839401925156,-1.0,-0.7830940986488868,-1.0,0.18279679306981436,0.7287496067862198,-2.911263900058988
-0.22916710461167678,0.34361932122120376,0.24105450270652873,-1.0,-0.8584175161248517,0.41771036073316664,1.2652595157380118
0.2070643880214067,0.6223506639264829,0.9262579429714921,1.0,-0.9874156263909296,-0.2988021321320807,0.8732605509194504
-0.4961352067106408,-0.6959361343294277,-0.5006906874473298,-0.7909360840791462,0.5867493382343869,0.7977834735387984,1.6292770997577675
0.46735418217422353,1.0,1.0,0.3734659939347873,1.0,0.9175897370520598,-4.6488226607106355
-0.5815027909773685,1.0,-1.0,0.0066628125371144264,-1.0,-0.3504166932984891,0.35720886844298355
0.23408675371776266,1.0,0.8097854177734236,-0.4333676754031306,0.7225500755044958,0.953125912834311,-0.6796938012431831
-0.10579108561988282,0.07685009249242925,0.188197981058651,-0.9712455250837075,-0.01525715537027672,1.0,3.224823536310393
-0.46561149147121905,-0.4183853553060064,0.4962894918840024,-1.0,-1.0,-1.0,2.8158283502498045
0.7311553072469912,1.0,-0.36062990802886513,0.5722963472780365,0.7126407458326085,1.0,4.012086942647861
-0.7373508156446988,0.6072739480647598,-0.8465207241723176,-1.0,-0.8002259798658686,-1.0,-0.4423041485314682
1.0,1.0,0.2761625738330568,1.0,0.04542816045558773,-0.41326763902551605,0.6430533953895716
0.4476324070699158,-0.9725647877729642,-0.45797649160271336,0.5444090757124664,0.17390282616099673,0.5234997431615857,0.39404338614617296
-1.0,-1.0,-0.1343681610545946,0.41577475628872373,-0.4649140771131207,1.0,-1.4250821645679934
0.12476573653311651,0.15879281376186033,0.3362967018805352,0.18858228373843433,1.0,1.0,3.338958792242108
1.0,1.0,1.0,0.29419713027877004,-0.5678461395907823,-0.9653769916889331,3.0857751316485342
-0.8814509643135443,0.3874252912918391,-1.0,1.0,-0.3634415588482957,-0.3285117122961285,-1.5207952546012122
-0.18645127646570592,0.0820210525868319,-0.057195975503549934,0.8033692388321866,0.6314415486692697,0.5707168921987701,1.981204396706431
-0.35857363684989974,0.28169848272540987,-0.7125303795529295,-1.0,-1.0,-1.0,0.9953193785251344
0.3469995235954433,0.5762400292220349,1.0,0.9111449324104264,-0.371282276936973,-0.13498205354421655,0.6242551388511006
